id,Lock,Allocatedto,ProspectIdNo,Source,Type,Contract,LLOS,LLOSdate,LLOSBy,Finished,Finishedby,Finisheddate,DateTaken,credits,Takenby,Improvements,Improvementsnotes,ImprovementsSorted,VINotes,LLInformed,LLInformedDate,LLInformedBy,LLInformedNotes,PropertyRef,PropertyStatus,PropertyCheckRequired,PropertyCheckDate,PropertyCheckBy,PropertyCheckOkay,Rent,Deposit,Fee,MoniesNotes,Vacationdate,VacationNotes,Movedate,MovedateNotes,Gascoverchecked,Gascovercheckedby,Gascovercheckeddate,GSIRequired,GSINotes,GSIComplete,GSICompleteDate,GSICompleteBy,HIRequired,HIScheduledDate,HIScheduledTime,HISCheduledForWho,HIComplete,HISatisfactory,HINotes,MAReceived,MANotRequired,MAReceivedDate,MAReceivedBy,MAReceivedNoted,VIRequired,VIDate,VIComplete,VIFileschecked,VIFilescheckedby,VIFilescheckeddate,KeysReady,KeysNotes,BookedInDate,BookedInTime,ContractsSigned,KeySheetOriginal,KeySheetTenant,KeySheetNotes,MaintOs,MaintOSNotes,Scratchmemo,TAcceptanceLetter,TOfferLetter,LLLetter1,LLLetter2,SO1BankName,SO1BankAddress1,SO1BankAddress2,SO1BankAddress3,SO1BankAddress4,SO1BankPostCode,SO1BankAccountName,SO1BankWorkNo,SO1BankHomeNo,SO1SortCode,SO1AccountNumber,SO1Amount,SO1AmountWords,SO1Reference,SO1FirstPayment,SO1NormalPayment,SO1PayDay,SO1Frequency,SO1Commencing,SO2BankName,SO2BankAddress1,SO2BankAddress2,SO2BankAddress3,SO2BankAddress4,SO2BankPostCode,SO2BankAccountName,SO2BankWorkNo,SO2BankHomeNo,SO2SortCode,SO2AccountNumber,SO2Amount,SO2AmountWords,SO2Reference,SO2FirstPayment,SO2NormalPayment,SO2PayDay,SO2Frequency,SO2Commencing,EPC,EPCBy,EPCDate
1,0,48,25171,15,Place,0,1,1-22-2013,48,1,7,2-11-2013,1-22-2013,0,48,1,RB - 22/01/2013 11:36:45 - NONE,1,,0,,0,,HEN002,6,0,,,0,480.00,680.00,240.00,,,,2-11-2013,,1,48,1-22-2013,1,,0,,0,2,,,,0,0,,0,1,,,,1,1-29-2013,1,1,30,1-29-2013,1,,2-11-2013,12-30-1899,1,0,0,,0,,"Property: 2 Henson Drive_x000d_
Tenancy Start Date (Confirmed): 11/02/2013_x000d_
Monthly Rental: £480_x000d_
_x000d_
Further to our previous letter, the tenancy has now been agreed and will commence from the above date._x000d_
_x000d_
We are now legally bound as your instructed Agent , to accept this tenancy and so unless you hear from us in the meantime , the above date should be the new tenancy start date._x000d_
_x000d_
Thank you.",1-22-2013,,1-22-2013,2-8-2013,,,,,,,,,,,,,,,,,,,,,,,,,,,,,,,,,,,,,,,0,,
2,0,42,21413,34,New,6457,1,10-20-2011,42,1,7,11-14-2011,10-20-2011,0,42,1,,1,,0,,0,,HAL020,6,1,10-23-2011,39,1,415.00,830.00,240.00,,,,11-12-2011,RE - 07/11/2011 15:51:56 – RB said everything was ok on the HI. Grade 8,1,42,11-7-2011,1,Valid When Application Created,1,10-20-2011,42,1,,,,1,1,,1,0,10-18-2011,7,,1,11-8-2011,1,1,45,11-8-2011,1,,11-12-2011,12-30-1899,1,0,0,,0,,"Property: 20 Hallfields Lane_x000d_
Tenancy Start Date (Confirmed): 12/11/2011_x000d_
Monthly Rental: £415_x000d_
_x000d_
Further to our previous letter, the tenancy has now been agreed and will commence from the above date._x000d_
_x000d_
We are now legally bound as your instructed Agent , to accept this tenancy and so unless you hear from us in the meantime , the above date should be the new tenancy start date._x000d_
_x000d_
Please ensure that you are completely finished with the property at least three days before this date if possible to enable us time to arrange to carry out our video inventory and property check. Please also ensure you keep in regular contact with us about this move. The new tenants are now legally entitled to move in on this date and so obviously to avoid any possible compensation claims we must ensure the move takes place smoothly._x000d_
_x000d_
Thank you.",10-20-2011,11-7-2011,10-20-2011,11-7-2011,,,,,,,,,,,,,,,,,,,,,,,,,,,,,,,,,,,,,,,0,,
3,0,48,30764,34,New,7375,1,10-7-2014,48,1,7,10-23-2014,10-7-2014,0,48,1,"RB - 07/10/2014 09:53:41 - LL fitting kitchen blind and poles to all other windows, digital TV aerial to be installed. Turf to be layed and shed to be installed. Shower bracket to be raised over bath with shower curtain pole and curtasin fitted.",1,,0,,0,,LAN031,6,1,10-10-2014,50,1,650.00,850.00,330.00,,,,10-18-2014,RB - 07/10/2014 09:39:32 - HI at his parents house who are also guarantors. No issues at all in excellent order throughout. Nice people.,1,48,10-7-2014,1,,1,10-22-2014,48,1,10-6-2014,12-30-1899,48,1,1,,1,0,10-14-2014,7,,1,10-17-2014,1,1,45,10-17-2014,1,,10-18-2014,12-30-1899,1,0,0,,0,,"31 Lander Crescent, PE7 0LZ Tenancy Start Date: 18/10/2014_x000d_
_x000d_
Your tenancy application has been accepted and we enclose herewith the tenancy contract and tenancy deposit information sheets to be signed where indicated. Please note :_x000d_
_x000d_
1. ALL TENANTS ON THE AGREEMENT MUST SIGN THE BACK PAGE OF THE CONTRACT IN THE PLACES MARKED._x000d_
2. TENANT DEPOSIT SHEETS TO BE SIGNED WHERE MARKED._x000d_
3. IF YOU HAVE A GUARANTOR THEY MUST SIGN THE CONTRACT ON THE BACK PAGE WHERE MARKED._x000d_
_x000d_
Please contact our office to arrange to return these items on either XXXXXXXX or XXXXXXXXXX._x000d_
At this appointment you will be required to make payment of the following monies:-_x000d_
_x000d_
One months rental in advance = £XXXXX_x000d_
Deposit of £XXXX less £XXXXX paid = £XXXXX_x000d_
Administration fee of XXX less XXX paid = £XXX_x000d_
TOTAL = £XXXXXX_x000d_
_x000d_
Payment will have to be in cleared funds e.g. cash, banker's draft, credit card (3% commission) or debit card (no charge). Please note that when the tenancy begins all future rent payments should be made as close to the rent due date as possible. As a company policy we will not allow rents to be paid late on a regular basis._x000d_
_x000d_
In the meantime, please take a moment to read the enclosed leaflet which explains what you should do now in relation to your utility providers._x000d_
_x000d_
Should you have any questions or queries, please do not hesitate to contact our office.",10-7-2014,10-16-2014,10-7-2014,10-16-2014,,,,,,,,,,,,,,,,,,,,,,,,,,,,,,,,,,,,,,,0,,
4,0,48,30570,34,Relet,7397,1,10-7-2014,48,1,7,11-6-2014,10-7-2014,0,48,1,RB - 07/10/2014 10:10:19 - upgrade works as on system. Noted carpets not being changed,1,,0,,0,,WHI085,6,1,,30,1,475.00,675.00,220.00,,10-22-2014,Automatically set by PIMP when application created (using the vacation date on the notice),11-1-2014,"RB - 07/10/2014 10:15:25 - Self employed translator, does regualr work for I Signs and Abbey Recruitment slips provided. Regular 2k a month income._x000d_
RB - 07/10/2014 10:02:48 - _x000d_
No problem at all, prop kept excellently throguhout. Nice lass._x000d_
_x000d_
Graded 9._x000d_
_x000d_
- she did ask when she should come in to sign contract etc. I advised her on the date pencilled in to move in with you, but call nearer the time & we can agree a time on that day. May be wise calling her (if she hasn't called you already).",1,48,10-7-2014,1,,1,11-4-2014,48,1,10-6-2014,12-30-1899,45,1,1,,1,0,,,,1,11-1-2014,1,1,6,11-1-2014,1,,11-1-2014,12-30-1899,1,1,1,,0,,"85 Whitacre, PE1 4SX Tenancy Start Date: 01/11/2014_x000d_
_x000d_
Your tenancy application has been accepted and we enclose herewith the tenancy contract and tenancy deposit information sheets to be signed where indicated. Please note :_x000d_
_x000d_
1. ALL TENANTS ON THE AGREEMENT MUST SIGN THE BACK PAGE OF THE CONTRACT IN THE PLACES MARKED._x000d_
2. TENANT DEPOSIT SHEETS TO BE SIGNED WHERE MARKED._x000d_
3. IF YOU HAVE A GUARANTOR THEY MUST SIGN THE CONTRACT ON THE BACK PAGE WHERE MARKED._x000d_
_x000d_
Please contact our office to arrange to return these items on either XXXXXXXX or XXXXXXXXXX._x000d_
At this appointment you will be required to make payment of the following monies:-_x000d_
_x000d_
One months rental in advance = £XXXXX_x000d_
Deposit of £XXXX less £XXXXX paid = £XXXXX_x000d_
Administration fee of XXX less XXX paid = £XXX_x000d_
TOTAL = £XXXXXX_x000d_
_x000d_
Payment will have to be in cleared funds e.g. cash, banker's draft, credit card (3% commission) or debit card (no charge). Please note that when the tenancy begins all future rent payments should be made as close to the rent due date as possible. As a company policy we will not allow rents to be paid late on a regular basis._x000d_
_x000d_
In the meantime, please take a moment to read the enclosed leaflet which explains what you should do now in relation to your utility providers._x000d_
_x000d_
Should you have any questions or queries, please do not hesitate to contact our office.",10-7-2014,10-30-2014,10-7-2014,10-30-2014,,,,,,,,,,,,,,,,,,,,,,,,,,,,,,,,,,,,,,,0,,
5,0,48,30741,5,Relet,7402,1,10-7-2014,48,1,7,11-12-2014,10-7-2014,0,48,1,RB - 07/10/2014 10:21:10 - FF to go,1,,0,,0,,DAN024,6,0,,,0,450.00,650.00,220.00,,10-30-2014,Automatically set by PIMP when application created (using the vacation date on the notice),11-8-2014,"RB - 14/10/2014 10:51:43 - job offer letter in file covering job position_x000d_
RB - 07/10/2014 10:20:49 - MT - 03/10/2014 16:22:08 - HI done, very good",1,48,10-7-2014,1,,1,11-5-2014,48,1,10-3-2014,12-30-1899,3,1,1,,1,0,6-26-2008,7,,1,11-6-2014,1,1,45,11-6-2014,1,,11-8-2014,12-30-1899,1,0,0,,0,,"24 Danish Court, PE4 5EN Tenancy Start Date: 08/11/2014_x000d_
_x000d_
Your tenancy application has been accepted and we enclose herewith the tenancy contract and tenancy deposit information sheets to be signed where indicated. Please note :_x000d_
_x000d_
1. ALL TENANTS ON THE AGREEMENT MUST SIGN THE BACK PAGE OF THE CONTRACT IN THE PLACES MARKED._x000d_
2. TENANT DEPOSIT SHEETS TO BE SIGNED WHERE MARKED._x000d_
3. IF YOU HAVE A GUARANTOR THEY MUST SIGN THE CONTRACT ON THE BACK PAGE WHERE MARKED._x000d_
_x000d_
Please contact our office to arrange to return these items on either XXXXXXXX or XXXXXXXXXX._x000d_
At this appointment you will be required to make payment of the following monies:-_x000d_
_x000d_
One months rental in advance = £XXXXX_x000d_
Deposit of £XXXX less £XXXXX paid = £XXXXX_x000d_
Administration fee of XXX less XXX paid = £XXX_x000d_
TOTAL = £XXXXXX_x000d_
_x000d_
Payment will have to be in cleared funds e.g. cash, banker's draft, credit card (3% commission) or debit card (no charge). Please note that when the tenancy begins all future rent payments should be made as close to the rent due date as possible. As a company policy we will not allow rents to be paid late on a regular basis._x000d_
_x000d_
In the meantime, please take a moment to read the enclosed leaflet which explains what you should do now in relation to your utility providers._x000d_
_x000d_
Should you have any questions or queries, please do not hesitate to contact our office.",10-7-2014,11-6-2014,10-7-2014,11-5-2014,,,,,,,,,,,,,,,,,,,,,,,,,,,,,,,,,,,,,,,0,,
6,0,48,15497,34,Relet,5995,1,4-27-2010,48,1,7,7-1-2010,4-27-2010,0,48,1,"RB - 27/04/2010 15:29:24 - _x000d_
Aerial and phone line essential. PT informed that phone outlets at property but she will need to contact provider to organise.",1,KB - 04/05/2010 09:11:04 - VT and measurements at VI please,0,,0,,ALB043,6,1,6-25-2010,39,1,420.00,820.00,180.00,,6-12-2010,Automatically set by PIMP when application created (using the vacation date on the notice),7-1-2010,"RB - 24/06/2010 12:11:13 - staying with friends, hence no HI_x000d_
RB - 10/05/2010 10:12:43 - Deposit is £820, due to issue with credit agreement previously. Has been agreed with Applicant._x000d_
RB - 27/04/2010 16:31:12 - and EPC_x000d_
RB - 27/04/2010 16:30:44 - Job in for smoke alarms",1,48,4-27-2010,2,,0,,0,2,,,,0,0,,1,0,7-16-2007,7,,1,6-28-2010,1,1,45,6-28-2010,1,,7-1-2010,12-30-1899,1,1,1,,0,,"Property: 43 Albany Walk_x000d_
Tenancy Start Date (Confirmed): 01/07/2010_x000d_
Monthly Rental: £420_x000d_
_x000d_
Further to our previous letter, the tenancy has now been agreed and will commence from the above date._x000d_
_x000d_
We are now legally bound as your instructed Agent , to accept this tenancy and so unless you hear from us in the meantime , the above date should be the new tenancy start date._x000d_
_x000d_
Thank you.",4-27-2010,6-24-2010,4-27-2010,6-24-2010,,,,,,,,,,,,,,,,,,,,,,,,,,,,,,,,,,,,,,,0,,
7,0,39,32507,34,Relet,7572,1,3-19-2015,39,1,7,5-7-2015,3-19-2015,0,39,1,,1,,0,,0,,SCOT03,6,1,,30,1,675.00,"1350.00",220.00,,4-16-2015,Automatically set by PIMP when application created (using the vacation date on the notice),5-1-2015,,1,39,5-1-2015,1,,1,5-1-2015,39,1,,,,1,1,,1,0,4-27-2009,7,,1,4-27-2015,1,1,45,4-27-2015,1,,5-1-2015,12-30-1899,1,0,0,,0,,"3 Scott Close, PE2 8NB Tenancy Start Date: 01/05/2015_x000d_
_x000d_
Your tenancy application has been accepted and we enclose herewith the tenancy contract and tenancy deposit information sheets to be signed where indicated. Please note :_x000d_
_x000d_
1. ALL TENANTS ON THE AGREEMENT MUST SIGN THE BACK PAGE OF THE CONTRACT IN THE PLACES MARKED._x000d_
2. TENANT DEPOSIT SHEETS TO BE SIGNED WHERE MARKED._x000d_
3. IF YOU HAVE A GUARANTOR THEY MUST SIGN THE CONTRACT ON THE BACK PAGE WHERE MARKED._x000d_
_x000d_
Please contact our office to arrange to return these items on either XXXXXXXX or XXXXXXXXXX._x000d_
At this appointment you will be required to make payment of the following monies:-_x000d_
_x000d_
One months rental in advance = £XXXXX_x000d_
Deposit of £XXXX less £XXXXX paid = £XXXXX_x000d_
Administration fee of XXX less XXX paid = £XXX_x000d_
TOTAL = £XXXXXX_x000d_
_x000d_
Payment will have to be in cleared funds e.g. cash, banker's draft, credit card (3% commission) or debit card (no charge). Please note that when the tenancy begins all future rent payments should be made as close to the rent due date as possible. As a company policy we will not allow rents to be paid late on a regular basis._x000d_
_x000d_
In the meantime, please take a moment to read the enclosed leaflet which explains what you should do now in relation to your utility providers._x000d_
_x000d_
Should you have any questions or queries, please do not hesitate to contact our office.",3-19-2015,4-21-2015,3-19-2015,4-21-2015,,,,,,,,,,,,,,,,,,,,,,,,,,,,,,,,,,,,,,,0,,
8,0,39,19562,5,Relet,6358,1,7-13-2011,39,1,7,8-22-2011,7-12-2011,0,39,1,JB - 03/08/2011 14:55:24 - Paint spare bed and decing themselves - LL fine,1,,0,,0,,MEA040,6,1,8-8-2011,45,1,530.00,730.00,240.00,,,,8-20-2011,JB - 13/07/2011 10:00:55 - No HI re location - Norfolk,1,39,8-19-2011,1,Valid When Application Created,1,7-12-2011,39,2,,,,0,0,,1,0,6-8-2010,7,,1,8-17-2011,1,1,45,8-17-2011,1,,8-20-2011,12-30-1899,1,0,0,,0,,"Property: 40 Mealsgate_x000d_
Tenancy Start Date (Confirmed): 20/08/2011_x000d_
Monthly Rental: £530_x000d_
_x000d_
Further to our previous letter, the tenancy has now been agreed and will commence from the above date._x000d_
_x000d_
We are now legally bound as your instructed Agent , to accept this tenancy and so unless you hear from us in the meantime , the above date should be the new tenancy start date._x000d_
_x000d_
Thank you.",7-13-2011,8-3-2011,7-13-2011,8-3-2011,,,,,,,,,,,,,,,,,,,,,,,,,,,,,,,,,,,,,,,0,,
9,0,48,18021,5,New,6167,1,12-6-2010,48,1,7,1-4-2011,12-6-2010,0,48,1,RB - 06/12/2010 10:23:13 - flat to be clean,1,,0,,0,,DEL026,6,1,12-20-2010,45,1,400.00,600.00,180.00,,,,12-29-2010,"RB - 16/12/2010 12:12:19 -I've left Heidi msg chasing 2ndary form and guarantor info. _x000d_
RB - 06/12/2010 10:21:57 - additional TQ form sent to Applicant, require guarantor and previous employment details ASAP.",1,48,12-6-2010,1,,1,12-29-2010,39,2,,,,0,0,,1,0,12-29-2010,39,,1,12-29-2010,1,1,39,12-29-2010,1,,12-29-2010,12-30-1899,1,0,0,,0,,"Property: 26 Delves Way_x000d_
Tenancy Start Date (Confirmed): 29/12/2010_x000d_
Monthly Rental: £400_x000d_
_x000d_
Further to our previous letter, the tenancy has now been agreed and will commence from the above date._x000d_
_x000d_
We are now legally bound as your instructed Agent , to accept this tenancy and so unless you hear from us in the meantime , the above date should be the new tenancy start date._x000d_
_x000d_
Please ensure that you are completely finished with the property at least three days before this date if possible to enable us time to arrange to carry out our video inventory and property check. Please also ensure you keep in regular contact with us about this move. The new tenants are now legally entitled to move in on this date and so obviously to avoid any possible compensation claims we must ensure the move takes place smoothly._x000d_
_x000d_
Thank you.",12-6-2010,12-21-2010,12-6-2010,12-21-2010,,,,,,,,,,,,,,,,,,,,,,,,,,,,,,,,,,,,,,,0,,
10,0,,5629,33,Relet,4876,0,,,1,,,8-13-2007,,10,0,,0,,0,,0,,COP043,6,0,,0,0,480.00,680.00,145.00,,,,8-22-2007,,0,,,1,,1,8-13-2007,27,2,,,,0,0,,1,0,,2,,1,,1,0,,,1,,8-22-2007,12-30-1899,1,0,0,,0,,"Property: 43 Copsewood_x000d_
Tenancy Start Date (Confirmed): 22/08/2007_x000d_
Monthly Rental: £480_x000d_
_x000d_
Further to our previous letter, the tenancy has now been agreed and will commence from the above date._x000d_
_x000d_
We are now legally bound as your instructed Agent , to accept this tenancy and so unless you hear from us in the meantime , the above date should be the new tenancy start date._x000d_
_x000d_
Thank you.",8-14-2007,,8-13-2007,8-20-2007,,,,,,,,,,,,0.00,,,0.00,0.00,,,,,,,,,,,,,,,0.00,,,0.00,0.00,,,,0,,
11,0,48,15568,34,Relet,6000,1,5-26-2010,48,1,7,7-9-2010,5-26-2010,0,48,1,"RB - 26/05/2010 09:35:56 - Happy as is, no issues",1,,0,,0,,TUR079,6,0,,0,1,500.00,700.00,180.00,,6-24-2010,Automatically set by PIMP when application created (using the vacation date on the notice),7-9-2010,,1,48,5-26-2010,1,Valid When Application Created,1,5-26-2010,48,1,,,45,1,1,,1,0,,0,,1,7-7-2010,1,1,45,7-7-2010,1,,7-9-2010,12-30-1899,1,0,0,,0,,"Property: 79 Turnstone Way_x000d_
Tenancy Start Date (Confirmed): 09/07/2010_x000d_
Monthly Rental: £500_x000d_
_x000d_
Further to our previous letter, the tenancy has now been agreed and will commence from the above date._x000d_
_x000d_
We are now legally bound as your instructed Agent , to accept this tenancy and so unless you hear from us in the meantime , the above date should be the new tenancy start date._x000d_
_x000d_
Thank you.",5-26-2010,7-5-2010,5-26-2010,7-5-2010,,,,,,,,,,,,,,,,,,,,,,,,,,,,,,,,,,,,,,,0,,
12,0,48,24400,34,Relet,6748,1,10-18-2012,48,1,7,11-16-2012,10-16-2012,0,48,1,RB - 18/10/2012 14:41:27 - NONE,1,,0,,0,,PRI036,6,0,,,0,580.00,780.00,240.00,,10-25-2012,Automatically set by PIMP when application created (using the vacation date on the notice),11-14-2012,,1,48,10-18-2012,1,Valid When Application Created,1,10-16-2012,48,2,,,,0,0,,1,0,11-16-2012,48,,1,11-13-2012,1,1,45,11-13-2012,1,,11-14-2012,12-30-1899,1,0,0,,0,,"36 Princes Road, PE2 8ED Tenancy Start Date: 14/11/2012_x000d_
_x000d_
Your tenancy application has been accepted and we enclose herewith the tenancy contract and tenancy deposit information sheets to be signed where indicated._x000d_
_x000d_
Please contact our office to arrange to return these items on either XXXXXXXX or XXXXXXXXXX._x000d_
_x000d_
At this appointment you will be required to make payment of the following monies:-_x000d_
_x000d_
One months rental in advance = £XXXXX_x000d_
Deposit of £XXXX less £XXXXX paid = £XXXXX_x000d_
_x000d_
TOTAL = £XXXXXX_x000d_
_x000d_
Payment will have to be in cleared funds e.g. cash, banker's draft, credit card (3% commission) or debit card (no charge)._x000d_
_x000d_
In the meantime, please take a moment to read the enclosed leaflet which explains what you should do now in relation to your utility providers._x000d_
_x000d_
Should you have any questions or queries, please do not hesitate to contact our office.",10-18-2012,11-8-2012,10-16-2012,11-8-2012,,,,,,,,,,,,,,,,,,,,,,,,,,,,,,,,,,,,,,,0,,
13,0,42,23450,15,Relet,6656,1,7-5-2012,42,1,7,7-31-2012,7-5-2012,0,42,1,RE - 05/07/2012 10:41:22 - nione,1,,0,,0,,OUN434,6,0,,,0,640.00,840.00,138.00,,7-16-2012,Automatically set by PIMP when application created (using the vacation date on the notice),7-28-2012,RE - 31/07/2012 11:52:58 - fee reduced as 1 tenant is a current tenant,1,42,7-24-2012,1,Valid When Application Created,1,7-5-2012,42,2,,,,0,0,,1,0,,7,,1,7-26-2012,1,1,48,7-26-2012,1,,7-28-2012,12-30-1899,1,1,1,,0,,"Property: 434 Oundle Road_x000d_
Tenancy Start Date (Confirmed): 28/07/2012_x000d_
Monthly Rental: £640_x000d_
_x000d_
Further to our previous letter, the tenancy has now been agreed and will commence from the above date._x000d_
_x000d_
We are now legally bound as your instructed Agent , to accept this tenancy and so unless you hear from us in the meantime , the above date should be the new tenancy start date._x000d_
_x000d_
Thank you.",7-5-2012,7-24-2012,7-5-2012,7-24-2012,,,,,,,,,,,,,,,,,,,,,,,,,,,,,,,,,,,,,,,0,,
14,0,39,9839,34,New,5415,0,,,1,,,12-2-2008,0,7,1,JW - 03/12/2008 11:12:32 - New lounge carpet promised on appt.,0,,0,,0,,MAYVIL,6,1,12-29-2008,0,0,575.00,975.00,195.00,,,,1-6-2009,"JW - 05/01/2009 12:47:36 - Carpet fitter to return and fix carpet next week._x000d_
JW - 05/01/2009 10:24:41 - T advised of hob and fire - no problems._x000d_
JW - 29/12/2008 11:37:27 - Dropping keys, gsi, etc on Mon 5th as early as poss_x000d_
JW - 17/12/2008 12:50:39 - letter sent about GSI PROPANE issue, _x000d_
JW - 15/12/2008 11:37:30 -  Contract out. LL advised and asked to provide keys by letter. _x000d_
JW - 15/12/2008 11:04:22 - Want all on 6th Jan - contract, etc to be sent out by end of this week._x000d_
JW - 10/12/2008 09:17:23 - property has a septic tank - tenants fully aware and letter sent to them today to advise that when they move in we will provide them with a contact name and telephone number for the person who can empty this for them - also advised in this letter that they will need to ensure that when they vacate they empty the tank and provide us with a  receipt to show that this has been undertaken.",0,0,,2,,0,,0,2,,,,0,0,,1,0,12-9-2008,7,,1,1-5-2009,1,0,,,1,,1-6-2009,12-30-1899,1,0,0,,0,,"Property: Mayville_x000d_
Tenancy Start Date (Confirmed): 06/01/2009_x000d_
Monthly Rental: £575_x000d_
_x000d_
Further to our previous letter, the tenancy has now been agreed and will commence from the above date._x000d_
_x000d_
We are now legally bound as your instructed Agent , to accept this tenancy and so unless you hear from us in the meantime , the above date should be the new tenancy start date._x000d_
_x000d_
Please ensure that you are completely finished with the property at least three days before this date if possible to enable us time to arrange do do our video inventory and property check. Please also ensure you keep in regular contact with us about this move. The new tenants are now legally entitled to move in on this date and so obviously to avoid any possible compensation claims we must ensure the move takes place smoothly._x000d_
_x000d_
Thank you.",12-3-2008,12-15-2008,12-3-2008,12-15-2008,,,,,,,,,,,,0.00,,,0.00,0.00,,,,,,,,,,,,,,,0.00,,,0.00,0.00,,,,0,,
15,0,42,20557,34,New,6415,1,7-28-2011,42,1,7,10-3-2011,7-28-2011,0,42,1,RE - 28/07/2011 13:45:35 - digital aerial required.,1,,0,,0,,GRE110,6,0,,,0,550.00,750.00,240.00,,9-30-2011,,9-30-2011,"RE - 28/07/2011 16:25:46 - HI_x000d_
Sent To: RB _x000d_
_x000d_
Excellent, no issues, 9.",1,42,10-3-2011,1,,0,,0,1,,,,1,1,,1,0,9-23-2011,7,,1,9-30-2011,1,1,45,9-30-2011,1,,9-30-2011,12-30-1899,1,0,0,,0,,"Property: 110 Greenham_x000d_
Tenancy Start Date (Confirmed): 30/09/2011_x000d_
Monthly Rental: £550_x000d_
_x000d_
Further to our previous letter, the tenancy has now been agreed and will commence from the above date._x000d_
_x000d_
We are now legally bound as your instructed Agent , to accept this tenancy and so unless you hear from us in the meantime , the above date should be the new tenancy start date._x000d_
_x000d_
Please ensure that you are completely finished with the property at least three days before this date if possible to enable us time to arrange to carry out our video inventory and property check. Please also ensure you keep in regular contact with us about this move. The new tenants are now legally entitled to move in on this date and so obviously to avoid any possible compensation claims we must ensure the move takes place smoothly._x000d_
_x000d_
Thank you.",7-28-2011,9-26-2011,7-28-2011,9-26-2011,,,,,,,,,,,,,,,,,,,,,,,,,,,,,,,,,,,,,,,0,,
16,0,39,29732,34,New,7256,1,6-19-2014,39,1,7,7-11-2014,6-13-2014,0,39,1,,0,,0,,0,,JAM015,6,0,,,0,650.00,850.00,330.00,,,,7-11-2014,,0,0,,1,,1,7-11-2014,39,2,,,,0,0,,1,0,7-3-2014,7,,1,7-9-2014,1,1,45,7-11-2014,1,,7-11-2014,12-30-1899,1,0,0,,0,,"15 James Avenue, PE1 5DF Tenancy Start Date: 11/07/2014_x000d_
_x000d_
Your tenancy application has been accepted and we enclose herewith the tenancy contract and tenancy deposit information sheets to be signed where indicated. Please note :_x000d_
_x000d_
1. ALL TENANTS ON THE AGREEMENT MUST SIGN THE BACK PAGE OF THE CONTRACT IN THE PLACES MARKED._x000d_
2. TENANT DEPOSIT SHEETS TO BE SIGNED WHERE MARKED._x000d_
3. IF YOU HAVE A GUARANTOR THEY MUST SIGN THE CONTRACT ON THE BACK PAGE WHERE MARKED._x000d_
_x000d_
Please contact our office to arrange to return these items on either XXXXXXXX or XXXXXXXXXX._x000d_
At this appointment you will be required to make payment of the following monies:-_x000d_
_x000d_
One months rental in advance = £XXXXX_x000d_
Deposit of £XXXX less £XXXXX paid = £XXXXX_x000d_
Administration fee of XXX less XXX paid = £XXX_x000d_
TOTAL = £XXXXXX_x000d_
_x000d_
Payment will have to be in cleared funds e.g. cash, banker's draft, credit card (3% commission) or debit card (no charge)._x000d_
_x000d_
In the meantime, please take a moment to read the enclosed leaflet which explains what you should do now in relation to your utility providers._x000d_
_x000d_
Should you have any questions or queries, please do not hesitate to contact our office.",6-19-2014,7-3-2014,6-16-2014,7-2-2014,,,,,,,,,,,,,,,,,,,,,,,,,,,,,,,,,,,,,,,0,,
17,0,39,20270,5,Relet,6448,1,9-24-2011,39,1,7,11-10-2011,9-23-2011,0,39,1,"JB - 24/09/2011 09:20:29 - Crack on stair wall (note to RB for FI but I'm pretty sure this will be something that would cost thousands to sort as walls are artex) I said to PT unlikely this will be sorted. _x000d_
Virgin permission = YeS",1,,0,,0,,WHI009,6,0,,,0,455.00,655.00,240.00,,10-27-2011,Automatically set by PIMP when application created (using the vacation date on the notice),11-10-2011,"JB - 02/11/2011 15:04:55 - Re CP note, I have had no prev work ref (no even one saying cannot comment, etc) - have chased no end using several diff fax/phone numbers - havign spoken with JB, I have given up on this one (current work one fine) _x000d_
JB - 29/09/2011 09:50:56 - Tenant called in saying we might struggle to get his previous work reference at City Link as he is currently suing them for unfair dismissal and suing them for an injury at work_x000d_
JB - 26/09/2011 11:19:40 - HI at Northfield Rd - didn’t need to stay long. Have been here roughly 18months, all in good order. _x000d_
JB - 24/09/2011 09:40:17 - Only most immediate LL ref sought = 1 1/2 years with capitol letters at same address will be sufficient evidence of tenancy _x000d_
JB - 24/09/2011 09:38:05 - Male applicant also has Saturday job at Royal Mail - have wage slips for this which prove a small amount - no reference sought as 1. A small fraction of the income, 2. have wage slips. 3. Have no considered this small amount as part of the TQ",1,39,9-27-2011,1,Valid When Application Created,1,9-23-2011,39,1,,,,1,1,,1,0,9-25-2007,6,,1,11-8-2011,1,1,6,11-8-2011,1,,11-10-2011,12-30-1899,1,1,1,,0,,"Property: 9 White Cross_x000d_
Tenancy Start Date (Confirmed): 10/11/2011_x000d_
Monthly Rental: £455_x000d_
_x000d_
Further to our previous letter, the tenancy has now been agreed and will commence from the above date._x000d_
_x000d_
We are now legally bound as your instructed Agent , to accept this tenancy and so unless you hear from us in the meantime , the above date should be the new tenancy start date._x000d_
_x000d_
Thank you.",9-24-2011,11-2-2011,9-24-2011,11-2-2011,,,,,,,,,,,,,,,,,,,,,,,,,,,,,,,,,,,,,,,0,,
18,0,39,20959,33,New,6396,1,8-23-2011,39,1,7,9-9-2011,8-23-2011,0,39,1,JB - 23/08/2011 11:21:08 - SKY permission otherwsie nothing - told LL they would be fitting sky.,1,,0,,0,,LI1373,6,1,8-24-2011,39,1,625.00,825.00,240.00,,,,9-9-2011,JB - 24/08/2011 15:39:44 - ROB - 24/08/2011 15:39:04 - Home inspection was spot would say a 9,1,39,9-2-2011,1,Valid When Application Created,1,8-23-2011,39,1,,,,1,1,,1,0,8-22-2011,7,,1,9-7-2011,1,1,39,9-7-2011,1,,9-9-2011,12-30-1899,1,0,0,,0,,"Property: 1373 Lincoln Road_x000d_
Tenancy Start Date (Confirmed): 09/09/2011_x000d_
Monthly Rental: £625_x000d_
_x000d_
Further to our previous letter, the tenancy has now been agreed and will commence from the above date._x000d_
_x000d_
We are now legally bound as your instructed Agent , to accept this tenancy and so unless you hear from us in the meantime , the above date should be the new tenancy start date._x000d_
_x000d_
Please ensure that you are completely finished with the property at least three days before this date if possible to enable us time to arrange to carry out our video inventory and property check. Please also ensure you keep in regular contact with us about this move. The new tenants are now legally entitled to move in on this date and so obviously to avoid any possible compensation claims we must ensure the move takes place smoothly._x000d_
_x000d_
Thank you.",8-24-2011,9-2-2011,8-24-2011,9-2-2011,,,,,,,,,,,,,,,,,,,,,,,,,,,,,,,,,,,,,,,0,,
19,0,42,12438,34,Relet,5676,0,,,1,7,8-17-2009,7-13-2009,0,31,0,JQ - 13/07/2009 12:49:29 - Nothing noted on application,0,,0,,0,,UPL091,6,1,,0,0,695.00,895.00,195.00,,8-7-2009,Automatically set by PIMP when application created (using the vacation date on the notice),8-15-2009,"JQ - 15/07/2009 13:20:29 - 1 - L/L stated that she will get the exterior woodwork re-painted shortly - prefers to have in done when new T's move in so that windows can be left open for the paint to dry_x000d_
_x000d_
JQ - L/L may organise for pond to be filled with soil & converted to a flower bed_x000d_
_x000d_
JQ - F/F & microwave in the kitchen - left for T's use but their respon if breaks down etc, L/L does not want any liability for repairs/replacement",1,42,8-12-2009,1,Valid When Application Created,1,7-13-2009,31,1,,,,1,1,,1,0,8-28-2008,7,,1,8-13-2009,1,0,,,1,,8-15-2009,12-30-1899,1,0,0,,0,,"Property: 91 Uplands_x000d_
Tenancy Start Date (Confirmed): 15/08/2009_x000d_
Monthly Rental: £695_x000d_
_x000d_
Further to our previous letter, the tenancy has now been agreed and will commence from the above date._x000d_
_x000d_
We are now legally bound as your instructed Agent , to accept this tenancy and so unless you hear from us in the meantime , the above date should be the new tenancy start date._x000d_
_x000d_
Thank you.",7-15-2009,8-11-2009,7-15-2009,8-11-2009,,,,,,,,,,,,,,,,,,,,,,,,,,,,,,,,,,,,,,,0,,
20,0,,5511,1,Relet,4869,0,,,1,,,7-25-2007,,31,0,,0,,0,,0,,LIN064,6,0,,0,0,495.00,695.00,145.00,,,Automatically set by PIMP when application created (using the vacation date on the notice),8-20-2007,,0,,,2,,1,7-25-2007,31,2,,,,0,0,,0,0,,0,,1,,1,0,,,1,,8-14-2007,12-30-1899,0,0,0,,0,,"Property: 64 Linnet_x000d_
Tenancy Start Date (Confirmed): 20/08/2007_x000d_
Monthly Rental: £495_x000d_
_x000d_
Further to our previous letter, the tenancy has now been agreed and will commence from the above date._x000d_
_x000d_
We are now legally bound as your instructed Agent , to accept this tenancy and so unless you hear from us in the meantime , the above date should be the new tenancy start date._x000d_
_x000d_
Thank you.",8-6-2007,,,8-16-2007,,,,,,,,,,,,0.00,,,0.00,0.00,,,,,,,,,,,,,,,0.00,,,0.00,0.00,,,,0,,
