DateAdded,TimeAdded,Whobooked,WhoDoing,Date,Time,PropRef,ProspectId,AppNotes,RTC,ConfirmOcc,ConfirmOccNotes,ConfirmedOcc,Whoconf,Confnotes,Showed,Interested,TenantFeedback,BrookdaleFeedback
2005-09-03 00:00:00,1899-12-30 12:44:47,1,1,2005-09-03 00:00:00,1899-12-30 13:15:00,DUDC19,1,Bill booked with Kev Sat 3/9/05 at 12:45 - They went to see 49 Peterhouse Close,1,0,,0,0,,1,1,Likes the property.  5.9.5 KB T called to say he will take it,
2005-09-05 00:00:00,1899-12-30 11:32:20,4,2,2005-09-08 00:00:00,1899-12-30 15:00:00,FELS47,2,,0,0,,0,0,07/09/05 - Spoke to L/L re: appt tomorrow and he is going to drop keys in later today.,0,0,,
2005-09-05 00:00:00,1899-12-30 11:33:02,4,2,2005-09-08 00:00:00,1899-12-30 15:30:00,MIDS68,3,,0,1,Call existing Tenants,0,0,,0,0,,
2005-09-05 00:00:00,1899-12-30 11:42:33,1,2,2005-09-06 00:00:00,1899-12-30 15:20:00,POOH12,4,,1,0,,0,0,,1,1,T expressed an interest,
2005-09-05 00:00:00,1899-12-30 12:19:43,5,2,2005-09-06 00:00:00,1899-12-30 16:30:00,STJL29,5,,0,0,,0,0,,1,0,Nonplussed,
2005-09-05 00:00:00,1899-12-30 12:20:14,5,2,2005-09-06 00:00:00,1899-12-30 16:45:00,APAL3A,6,,0,0,,0,0,,1,0,Nonplussed,
2005-09-05 00:00:00,1899-12-30 00:09:28,6,2,2005-09-09 00:00:00,1899-12-30 00:30:00,HORBE8,7,Had to change this appointment from Tueaday 6th at 10.30am as current  tenant could not do time.  Re-sechuled for 10.30 firday with current tenant and left message for P/T to confirm that This time ok,0,1,Call tenant after booking appointment,0,0,Deborah confirmed with tenant.,0,0,,
2005-09-05 00:00:00,1899-12-30 00:26:20,1,2,2005-09-09 00:00:00,1899-12-30 00:30:00,UNIBE8,8,,0,0,,0,0,,0,0,,
2005-09-06 00:00:00,1899-12-30 00:13:52,2,2,2005-09-07 00:00:00,1899-12-30 00:00:00,BROS14,9,,1,0,,0,0,,0,0,,
2005-09-06 00:00:00,1899-12-30 00:29:44,2,2,2005-09-08 00:00:00,1899-12-30 00:45:00,UNIPO3,10,Left message on tenant answerphone asking to call back to confirm appointment.  Have also given Bill Compliments slip to drop off confirming the appointment.,0,1,Call tenants to arrange appointments,0,0,Complimants slip dropped by Bill,0,0,,
2005-09-06 00:00:00,1899-12-30 00:57:25,1,2,2005-09-06 00:00:00,1899-12-30 00:00:00,MARW13,11,,0,0,,0,0,,1,0,Not impressed due to the state of the property,
2005-09-06 00:00:00,1899-12-30 00:00:40,2,3,2005-09-07 00:00:00,1899-12-30 00:45:00,CHEST1,12,,0,0,,0,0,,1,0,Not interested - due to state of property,
2005-09-06 00:00:00,1899-12-30 00:42:48,4,2,2005-09-07 00:00:00,1899-12-30 00:00:00,LON191,13,,1,1,Arrange via tenants,0,0,,1,0,,SH suggests blacklisting PT
2005-09-06 00:00:00,1899-12-30 00:02:54,4,2,2005-09-09 00:00:00,1899-12-30 00:00:00,DEN135,14,,0,0,,0,0,,0,0,,
2005-09-06 00:00:00,1899-12-30 00:03:31,4,2,2005-09-09 00:00:00,1899-12-30 00:00:00,ISLL54,15,,0,1,Arrange via tenants,0,0,,0,0,,
2005-09-06 00:00:00,1899-12-30 00:12:53,5,2,2005-09-10 00:00:00,1899-12-30 00:00:00,SHAC63,16,Please make sure that the internal doors when leaving the property are shut and the front door is deadlocked.,1,1,You MUST call tenants partner Mr Henry Coles on 07885 424116 prior to making an appointment.  Althou empty still need to confirm appointments.,0,0,Confimed with Henry on Tuesday the 6th,0,0,,
2005-09-06 00:00:00,1899-12-30 00:44:45,2,2,2005-09-15 00:00:00,1899-12-30 00:00:00,NORB76,17,,0,0,,0,0,empty - told p/t to ring and confirm on day,0,0,,
2005-09-06 00:00:00,1899-12-30 00:46:26,1,2,2005-09-10 00:00:00,1899-12-30 00:00:00,COLR98,18,Please make sure all doors are shut and the front door is deadlocked.,0,1,You MUST call tenants partner Mr Henry Coles on 07885 424116 prior to making an appointment.  Althou empty still need to confirm appointments.,0,0,Sh spoke to Henry,0,0,,
2005-09-06 00:00:00,1899-12-30 00:29:29,1,2,2005-09-07 00:00:00,1899-12-30 00:00:00,THOM96,19,RU left message asking to call if still going to apointment,0,0,,0,0,,0,0,,
2005-09-07 00:00:00,1899-12-30 00:56:00,1,2,2005-09-09 00:00:00,1899-12-30 00:00:00,LAMGR1,20,PT originally had appt for 07/09/05 @ 10am.  Couldn't do as we do not have keys and had not arranged for L/L to meet us there.,0,0,,0,0,07/09/05 - 10.01am - Confirmed with L/L that he will drop a set of keys to us later today that we can keep.,0,0,,
