id,Areagroupidno,AreaGroupNo,AreaGroupName,Area
6,23,3,Werrington Walton Gunthorpe,36
18,36,6,All Ortons,47
20,38,7,Hamptons Yaxley,27
22,40,7,Hamptons Yaxley,21
24,42,8,Stanground Fletton Woodston,48
25,43,8,Stanground Fletton Woodston,62
26,44,8,Stanground Fletton Woodston,59
27,45,9,Mill New Eng Dogsthorpe Eastfield,66
28,46,9,Mill New Eng Dogsthorpe Eastfield,22
29,47,9,Mill New Eng Dogsthorpe Eastfield,54
35,53,11,Railway,59
36,54,11,Railway,62
42,89,11,Railway,29
46,101,11,Railway,66
51,108,9,Mill New Eng Dogsthorpe Eastfield,29
59,119,13,Modern,27
60,120,13,Modern,21
66,127,13,Modern,62
86,149,19,Villages East,124
99,166,13,Modern,48
102,169,3,Werrington Walton Gunthorpe,53
109,178,8,Stanground Fletton Woodston,29
110,179,20,Villages ALL,923
111,180,20,Villages ALL,924
112,181,20,Villages ALL,489
113,182,20,Villages ALL,89
114,183,20,Villages ALL,936
115,184,20,Villages ALL,939
116,185,20,Villages ALL,925
117,186,20,Villages ALL,495
118,187,20,Villages ALL,114
119,188,20,Villages ALL,28
120,189,20,Villages ALL,404
121,190,20,Villages ALL,929
122,191,20,Villages ALL,665
123,192,20,Villages ALL,916
124,193,20,Villages ALL,717
125,194,20,Villages ALL,931
126,195,20,Villages ALL,930
127,196,20,Villages ALL,89
128,197,20,Villages ALL,658
129,198,20,Villages ALL,938
130,199,20,Villages ALL,920
131,200,20,Villages ALL,886
132,201,20,Villages ALL,886
133,202,20,Villages ALL,313
134,203,20,Villages ALL,668
135,204,20,Villages ALL,940
136,205,20,Villages ALL,124
137,206,20,Villages ALL,50
148,0,1,Bourne Thurlby Deepings,50
157,0,1,Bourne Thurlby Deepings,65
158,0,1,Bourne Thurlby Deepings,68
159,0,1,Bourne Thurlby Deepings,4
160,0,1,Bourne Thurlby Deepings,13
162,0,5,All Ortons,68
165,0,3,Bretton Paston Ravensthorpe,63
166,0,3,Bretton Paston Ravensthorpe,50
167,0,3,Bretton Paston Ravensthorpe,49
168,0,3,Bretton Paston Ravensthorpe,21
170,0,5,All Ortons,50
171,0,5,All Ortons,25
172,0,1,Bourne Thurlby Deepings,3
173,0,1,Bourne Thurlby Deepings,52
174,0,1,Bourne Thurlby Deepings,63
175,0,9,Eye Parnwell,52
176,0,4,Good Ortons,52
177,0,2,Werrington Walton Gunthorpe,25
178,0,2,Werrington Walton Gunthorpe,50
179,0,4,Good Ortons,46
180,0,4,Good Ortons,63
181,0,5,All Ortons,63
182,0,15,Villages North,52
183,0,16,Villages South,48
184,0,14,Villages West,11
185,0,2,Werrington Walton Gunthorpe,13
186,0,10,Railway,52
