AreaIdNo,Area,AreaCat,WebId,Gasid
21,Hampton Vale,6,29,1
22,New England,,38,1
27,Hampton Hargate,6,27,1
28,Crowland,4,13,125
29,Eastfield,,18,1
30,Bretton (North),11,8,1
36,Walton,9,59,125
38,Parnwell,,48,1
47,Orton Waterville,7,46,1
48,Stanground,10,52,1
50,Eye,,21,125
53,Paston,5,49,1
54,Dogsthorpe,,17,1
59,Woodston,10,66,1
62,Fletton,10,23,1
66,Millfield,1,35,1
71,Gunthorpe,9,25,125
76,Westwood,11,63,1
78,Orton Goldhay,5,41,1
80,Werrington,9,61,125
83,Centre,1,11,1
89,Stamford,4,51,1
94,Orton Malborne,8,43,1
95,Ravensthorpe,11,50,1
114,Bourne,4,7,125
118,Orton Longueville,7,42,1
124,Thorney,4,55,125
125,Yaxley,6,67,1
134,West Town,12,62,1
252,Orton Brimbles,7,40,1
313,Newborough,4,39,125
376,Longthorpe,12,32,1
379,Netherton,12,37,1
382,Orton Southgate,7,45,1
404,Deeping St.James,,15,125
433,Farcet,,22,1
479,Orton Wistow,7,47,1
489,Essendine,4,20,1
495,Wittering,4,65,1
584,Whittlesey,,64,1
658,Thurlby,4,56,125
665,Langtoft,4,31,125
668,Stilton,4,53,1
717,Morton,4,36,125
780,Market Deeping,,33,125
886,Glinton,,24,1
916,Maxey,4,34,1
919,Hampton Centre,6,26,1
920,Deeping St.Nicholas,4,16,125
921,Bretton (South),11,9,1
922,Orton Northgate,7,44,1
923,Ailsworth,4,6,125
924,Castor,4,10,1
925,Wansford,4,60,1
926,Hampton Leys,6,28,1
927,Hempsted,6,30,1
928,Sugar Way,0,54,1
929,Helpston,4,68,125
930,Peakirk,4,69,1
931,Northborough,4,70,125
933,Fengate,1,72,1
934,Park Farm,0,73,1
936,Alwalton,4,0,1
937,Not Peterborough,0,0,0
938,Baston,4,0,0
939,Marholm,4,0,0
940,Folksworth,4,0,0
941,Cardea,10,0,1
942,Oakham,0,0,1
943,Holme,0,0,1
