Idno,Country,Formal Name
1,Afghanistan,Islamic State of Afghanistan
2,Albania,Republic of Albania
3,Algeria,People's Democratic Republic of Algeria
4,Andorra,Principality of Andorra
5,Angola,Republic of Angola
6,Antigua and Barbuda,
7,Argentina,Argentine Republic
8,Armenia,Republic of Armenia
9,Australia,Commonwealth of Australia
10,Austria,Republic of Austria
11,Azerbaijan,Republic of Azerbaijan
12,"""Bahamas","The"""
13,Bahrain,Kingdom of Bahrain
14,Bangladesh,People's Republic of Bangladesh
15,Barbados,
16,Belarus,Republic of Belarus
17,Belgium,Kingdom of Belgium
18,Belize,
19,Benin,Republic of Benin
20,Bhutan,Kingdom of Bhutan
21,Bolivia,Republic of Bolivia
22,Bosnia and Herzegovina,
23,Botswana,Republic of Botswana
24,Brazil,Federative Republic of Brazil
25,Brunei,Negara Brunei Darussalam
26,Bulgaria,Republic of Bulgaria
27,Burkina Faso,
28,Burundi,Republic of Burundi
29,Cambodia,Kingdom of Cambodia
30,Cameroon,Republic of Cameroon
31,Canada,
32,Cape Verde,Republic of Cape Verde
33,Central African Republic,
34,Chad,Republic of Chad
35,Chile,Republic of Chile
36,"""China","People's Republic of"""
37,Colombia,Republic of Colombia
38,Comoros,Union of Comoros
39,"""Congo","Democratic Republic of the (Congo – Kinshasa)"""
40,"""Congo","Republic of the (Congo – Brazzaville)"""
41,Costa Rica,Republic of Costa Rica
42,Cote d'Ivoire (Ivory Coast),Republic of Cote d'Ivoire
43,Croatia,Republic of Croatia
44,Cuba,Republic of Cuba
45,Cyprus,Republic of Cyprus
46,Czech Republic,
47,Denmark,Kingdom of Denmark
48,Djibouti,Republic of Djibouti
49,Dominica,Commonwealth of Dominica
50,Dominican Republic,
51,Ecuador,Republic of Ecuador
52,Egypt,Arab Republic of Egypt
53,El Salvador,Republic of El Salvador
54,Equatorial Guinea,Republic of Equatorial Guinea
55,Eritrea,State of Eritrea
56,Estonia,Republic of Estonia
57,Ethiopia,Federal Democratic Republic of Ethiopia
58,Fiji,Republic of the Fiji Islands
59,Finland,Republic of Finland
60,France,French Republic
61,Gabon,Gabonese Republic
62,"""Gambia","The"""
63,Georgia,Republic of Georgia
64,Germany,Federal Republic of Germany
65,Ghana,Republic of Ghana
66,Greece,Hellenic Republic
67,Grenada,
68,Guatemala,Republic of Guatemala
69,Guinea,Republic of Guinea
70,Guinea-Bissau,Republic of Guinea-Bissau
71,Guyana,Co-operative Republic of Guyana
72,Haiti,Republic of Haiti
73,Honduras,Republic of Honduras
74,Hungary,Republic of Hungary
75,Iceland,Republic of Iceland
76,India,Republic of India
77,Indonesia,Republic of Indonesia
78,Iran,Islamic Republic of Iran
79,Iraq,Republic of Iraq
80,Ireland,
81,Israel,State of Israel
82,Italy,Italian Republic
83,Jamaica,
84,Japan,
85,Jordan,Hashemite Kingdom of Jordan
86,Kazakhstan,Republic of Kazakhstan
87,Kenya,Republic of Kenya
88,Kiribati,Republic of Kiribati
89,"""Korea","Democratic People's Republic of (North Korea)"""
90,"""Korea","Republic of  (South Korea)"""
91,Kuwait,State of Kuwait
92,Kyrgyzstan,Kyrgyz Republic
93,Laos,Lao People's Democratic Republic
94,Latvia,Republic of Latvia
95,Lebanon,Lebanese Republic
96,Lesotho,Kingdom of Lesotho
97,Liberia,Republic of Liberia
98,Libya,Great Socialist People's Libyan Arab Jamahiriya
99,Liechtenstein,Principality of Liechtenstein
100,Lithuania,Republic of Lithuania
101,Luxembourg,Grand Duchy of Luxembourg
102,Macedonia,Republic of Macedonia
103,Madagascar,Republic of Madagascar
104,Malawi,Republic of Malawi
105,Malaysia,
106,Maldives,Republic of Maldives
107,Mali,Republic of Mali
108,Malta,Republic of Malta
109,Marshall Islands,Republic of the Marshall Islands
110,Mauritania,Islamic Republic of Mauritania
111,Mauritius,Republic of Mauritius
112,Mexico,United Mexican States
113,Micronesia,Federated States of Micronesia
114,Moldova,Republic of Moldova
115,Monaco,Principality of Monaco
116,Mongolia,
117,Montenegro,Republic of Montenegro
118,Morocco,Kingdom of Morocco
119,Mozambique,Republic of Mozambique
120,Myanmar (Burma),Union of Myanmar
121,Namibia,Republic of Namibia
122,Nauru,Republic of Nauru
123,Nepal,
124,Netherlands,Kingdom of the Netherlands
125,New Zealand,
126,Nicaragua,Republic of Nicaragua
127,Niger,Republic of Niger
128,Nigeria,Federal Republic of Nigeria
129,Norway,Kingdom of Norway
130,Oman,Sultanate of Oman
131,Pakistan,Islamic Republic of Pakistan
132,Palau,Republic of Palau
133,Panama,Republic of Panama
134,Papua New Guinea,Independent State of Papua New Guinea
135,Paraguay,Republic of Paraguay
136,Peru,Republic of Peru
137,Philippines,Republic of the Philippines
138,Poland,Republic of Poland
139,Portugal,Portuguese Republic
140,Qatar,State of Qatar
141,Romania,
142,Russia,Russian Federation
143,Rwanda,Republic of Rwanda
144,Saint Kitts and Nevis,Federation of Saint Kitts and Nevis
145,Saint Lucia,
146,Saint Vincent and the Grenadines,
147,Samoa,Independent State of Samoa
148,San Marino,Republic of San Marino
149,Sao Tome and Principe,Democratic Republic of Sao Tome and Principe
150,Saudi Arabia,Kingdom of Saudi Arabia
151,Senegal,Republic of Senegal
152,Serbia,Republic of Serbia
153,Seychelles,Republic of Seychelles
154,Sierra Leone,Republic of Sierra Leone
155,Singapore,Republic of Singapore
156,Slovakia,Slovak Republic
157,Slovenia,Republic of Slovenia
158,Solomon Islands,
159,Somalia,
160,South Africa,Republic of South Africa
161,Spain,Kingdom of Spain
162,Sri Lanka,Democratic Socialist Republic of Sri Lanka
163,Sudan,Republic of the Sudan
164,Suriname,Republic of Suriname
165,Swaziland,Kingdom of Swaziland
166,Sweden,Kingdom of Sweden
167,Switzerland,Swiss Confederation
168,Syria,Syrian Arab Republic
169,Tajikistan,Republic of Tajikistan
170,Tanzania,United Republic of Tanzania
171,Thailand,Kingdom of Thailand
172,Timor-Leste (East Timor),Democratic Republic of Timor-Leste
173,Togo,Togolese Republic
174,Tonga,Kingdom of Tonga
175,Trinidad and Tobago,Republic of Trinidad and Tobago
176,Tunisia,Tunisian Republic
177,Turkey,Republic of Turkey
178,Turkmenistan,
179,Tuvalu,
180,Uganda,Republic of Uganda
181,Ukraine,
182,United Arab Emirates,United Arab Emirates
183,United Kingdom,United Kingdom of Great Britain and Northern Ireland
184,United States,United States of America
185,Uruguay,Oriental Republic of Uruguay
186,Uzbekistan,Republic of Uzbekistan
187,Vanuatu,Republic of Vanuatu
188,Vatican City,State of the Vatican City
189,Venezuela,Bolivarian Republic of Venezuela
190,Vietnam,Socialist Republic of Vietnam
191,Yemen,Republic of Yemen
192,Zambia,Republic of Zambia
193,Zimbabwe,Republic of Zimbabwe
194,Abkhazia,Republic of Abkhazia
195,"""China","Republic of (Taiwan)"""
196,Nagorno-Karabakh,Nagorno-Karabakh Republic
197,Northern Cyprus,Turkish Republic of Northern Cyprus
198,Pridnestrovie (Transnistria),Pridnestrovian Moldavian Republic
199,Somaliland,Republic of Somaliland
200,South Ossetia,Republic of South Ossetia
201,Ashmore and Cartier Islands,Territory of Ashmore and Cartier Islands
202,Christmas Island,Territory of Christmas Island
203,Cocos (Keeling) Islands,Territory of Cocos (Keeling) Islands
204,Coral Sea Islands,Coral Sea Islands Territory
205,Heard Island and McDonald Islands,Territory of Heard Island and McDonald Islands
206,Norfolk Island,Territory of Norfolk Island
207,New Caledonia,
208,French Polynesia,Overseas Country of French Polynesia
209,Mayotte,Departmental Collectivity of Mayotte
210,Saint Barthelemy,Collectivity of Saint Barthelemy
211,Saint Martin,Collectivity of Saint Martin
212,Saint Pierre and Miquelon,Territorial Collectivity of Saint Pierre and Miquelon
213,Wallis and Futuna,Collectivity of the Wallis and Futuna Islands
214,French Southern and Antarctic Lands,Territory of the French Southern and Antarctic Lands
215,Clipperton Island,
216,Bouvet Island,
217,Cook Islands,
218,Niue,
219,Tokelau,
220,Guernsey,Bailiwick of Guernsey
221,Isle of Man,
222,Jersey,Bailiwick of Jersey
223,Anguilla,
224,Bermuda,
225,British Indian Ocean Territory,
226,British Sovereign Base Areas,
227,British Virgin Islands,
228,Cayman Islands,
229,Falkland Islands (Islas Malvinas),
230,Gibraltar,
231,Montserrat,
232,Pitcairn Islands,
233,Saint Helena,
234,South Georgia and the South Sandwich Islands,
235,Turks and Caicos Islands,
236,Northern Mariana Islands,Commonwealth of The Northern Mariana Islands
237,Puerto Rico,Commonwealth of Puerto Rico
238,American Samoa,Territory of American Samoa
239,Baker Island,
240,Guam,Territory of Guam
241,Howland Island,
242,Jarvis Island,
243,Johnston Atoll,
244,Kingman Reef,
245,Midway Islands,
246,Navassa Island,
247,Palmyra Atoll,
248,U.S. Virgin Islands,United States Virgin Islands
249,Wake Island,
250,Hong Kong,Hong Kong Special Administrative Region
251,Macau,Macau Special Administrative Region
252,Faroe Islands,
253,Greenland,
254,French Guiana,Overseas Region of Guiana
255,Guadeloupe,Overseas Region of Guadeloupe
256,Martinique,Overseas Region of Martinique
257,Reunion,Overseas Region of Reunion
258,Aland,
259,Aruba,
260,Netherlands Antilles,
261,Svalbard,
262,Ascension,
263,Tristan da Cunha,
264,Antarctica,
265,Kosovo,
266,Palestinian Territories (Gaza Strip and West Bank),
267,Western Sahara,
268,Australian Antarctic Territory,
269,Ross Dependency,
270,Peter I Island,
271,Queen Maud Land,
272,British Antarctic Territory,
