InvoiceIdNo,Lock,Date,LordRef,PropRef,JobNo,Internalcomments,Firstname,Surname,Addr1,Addr2,Addr3,Addr4,PostCode,SuppInvNo,Invline,Net,VAT,Total,OurNet,OurVAT,OurTotal,AccountsUpdated,Check
13708,,10-12-2005,DBETTR,MAN138,3409,,David,Bettridge,32 Bushey Way,Beckenham,Kent,,BR3 2TB,,New gas valve fitted to boiler.,180.00,31.50,211.50,165.00,28.88,193.88,0,1
13709,,10-12-2005,HSHEKH,WHI053,3419,,Hashim,Shekhuna,23 Settle Point,London Road,Plaistow,,E13 0DX,,Rewired immesrion heater.,43.75,7.66,51.41,35.00,6.13,41.13,0,1
13710,,10-12-2005,MTOMLI,WAT103,3594,,Michael,Tomlinson,Brookdale Properties,Northey House,Oxney Road,PETERBOROUGH,PE1 5YW,,heating not working - boiler rattling,88.00,0.00,88.00,88.00,15.40,103.40,0,1
13652,,10-11-2005,AZIZ,LES028,3316,,Aziz,Janmohamed,22 Roxeth Green Avenue,South Harrow,Middlesex,,HA2 8AF,,Regulation 35 Gas Safety Inspection,62.50,10.94,73.44,50.00,8.75,58.75,0,1
12745,,5-9-2005,IGRAHA,LIN024,1156,,Ivan,Graham,29 Dickson Road,Lyneham,Chippenham,Wiltshire,SN15 4EF,,Work to repair faulty power sockets in extension. Replaced damaged sections of cable and installed new MCB device at fuseboard.,218.06,38.16,256.22,196.25,34.34,230.59,0,1
12746,,5-9-2005,DHAGER,MAR008,0,,David,Hagerty,24 Hythegate,Werrington,Peterborough,,PE4 7ZP,,Relet Fee,25.00,4.38,29.38,0.00,0.00,0.00,0,1
13620,,10-7-2005,NTUCK,EAG063,3743,,Nicholas,Tuck,340 Eastfield Road,Eastfield,Peterborough,,PE1 4RD,,1 window lock key cut.,4.00,0.70,4.70,3.00,,,0,1
13621,,10-7-2005,JCLARB,CHU029,3404,,Jane,Clarbour,The Provost Lodge,Goodricke College,University of York,"Heslington, York",YO10 5DD,,Remove existing slates and flash band to roof window. Supply and fit code 3 lead soakers and code 4 lead back flashing.  Replace existing slates and make good shortfall.  Remove rubbish from site.,320.00,56.00,376.00,320.00,56.00,376.00,0,1
13622,,10-7-2005,ARAPIE1,WI101B,3640,,Pietro,Aragosa,1 Harris Street,Millfield,Peterborough,Cambs,PE1 2LY,,1 front door key cut.,4.00,0.70,4.70,2.75,,,0,1
13623,,10-7-2005,AWILDM,BRU072,3744,,Alan,Wildman,Joss,Moorhen Marina,Burnt Mill Lane,Harlow,CM20 2QS,,1 window key cut.,4.00,0.70,4.70,3.00,,,0,1
13624,,10-11-2005,FCHOUD,TAN035,3080,,Fiaz,Choudhary,77 Havelock Street,Oswaldtwistle,Accrington,,BB5 3JY,,Regulation 35 Gas Safety Inspection,62.50,10.94,73.44,50.00,8.75,58.75,0,1
13625,,10-11-2005,EWILLI,CHU038,3301,,David,Williams,1 Church End,Sherington,Bucks,,MK16 9PD,,Regulation 35 Gas Safety Inspection,62.50,10.94,73.44,50.00,8.75,58.75,0,1
13626,,10-11-2005,SIWILS,PEN022,3323,,Simon,Wilson,68 Church View,Northborough,Peterborough,,PE6 9DQ,,Regulation 35 Gas Safety Inspection,81.25,14.22,95.47,65.00,11.38,76.38,0,1
13627,,10-11-2005,PSHORT,WAL065,3331,,Pam,Shortland,The Bungalow,Long Drove,Parson Drove,"Wisbech, Cambs",PE13 4JT,,Regulation 35 Gas Safety Inspection,62.50,10.94,73.44,50.00,8.75,58.75,0,1
17099,,5-26-2006,TRUSSO,OUN45A,0,,Tom,Russo,45a Oundle Road,Woodston,Peterborough,,PE2 9PB,,Commission at  12%,57.00,9.98,66.98,0.00,0.00,0.00,0,1
17100,,5-26-2006,TRUSSO,OUN43A,0,,Tom,Russo,43a Oundle Road,Woodston,Peterborough,,PE2 9PB,,Commission at  12%,60.00,10.50,70.50,0.00,0.00,0.00,0,1
13033,,7-8-2005,JCLARB,CHU029,2615,,Jane,Clarbour,The Provost Lodge,Goodricke College,University of York,"Heslington, York",YO10 5DD,,Renewed timber floor under bath.,125.00,21.88,146.88,100.00,17.50,117.50,0,1
13759,,10-27-2005,MPARK1,LED008,0,,Matthew,Parkes,35 Essex Road,Stamford,Lincs,,PE9 1LG,,anglian water bill.,10.73,0.00,10.73,10.73,0.00,10.73,0,1
16107,,4-27-2006,WTAYLO,ODE025,0,,W,Taylor,25 Odecroft,Ravensthorpe,Peterborough,,PE3 7LX,,Commission at  10%,49.50,8.66,58.16,0.00,0.00,0.00,0,1
