InvoiceIdNo,Date,TentRef,PropRef,Firstname,Surname,Addr1,Addr2,Addr3,Addr4,PostCode,Invline,Net,VAT,Total
252774,9-6-2007,KRODAM1,BRO016,Damian,Krowinski & Miss Kulawik,16 Brookfurlong,Ravensthorpe,Peterborough,Cambs,PE3 7LG,Charge for application and contract,123.40,21.60,145.00
252775,9-6-2007,CRAAND2,UPL003,Andrew,Crawley & Mrs A Crowley,3 Uplands,Werrington,Peterborough,Cambs,PE4 5AE,Charge for application and contract,123.40,21.60,145.00
252765,9-4-2007,LOBMAR1,TOL080,Marcin,Lobejko,80 Tollgate,South Bretton,Peterborough,,PE3 9XB,Charge for application and contract,123.40,21.60,145.00
252766,9-4-2007,CONSAM1,GAT078,Samantha,Connelly,78 Gatenby,Werrington,Peterborough,Cambs,PE4 6JR,"Administration fee: £25_x000d_
_x000d_
'TO LET' board movement: £15",40.00,7.00,47.00
251661,4-18-2006,CARMAR1,MAR077,Maria,Carvalho & Mrs M E Carvalho,77 St Martins Street,Millfield,Peterborough,Cambs,PE1 3BB,Charge for application and contract,123.40,21.60,145.00
255615,8-25-2012,WOOKAT1,WIL103,Katy,Woodhouse & Mr Justice Godwin - Nkwocha,103 Willesden Avenue,Walton,Peterborough,Cambs,PE4 6EB,Charge For Renewal of Contract for contract commencing 24/08/2012,25.00,5.00,30.00
254944,9-20-2011,ABDALI1,STA01B,Ali,Abdelrazik,1b Star Road,Eastfield,Peterborough,,PE1 5HR,Charge for application and contract (2+ Tenants),200.00,40.00,240.00
257897,7-2-2015,WLOAGN1,CAR014,Agnieszka,Wlodarczyk & Mr Sherif Abouahmed,14 Carleton Crest,Walton,Peterborough,Cambs,PE4 6HF,Charge For Renewal of Contract for contract commencing 14/06/2015,35.00,7.00,42.00
253320,10-20-2008,LINAND1,HYH122,Andrius,Liniovas & Miss V Pociene & Mr R Liniovas,122 Hyholmes,Bretton,Peterborough,,PE3 8LH,Charge for application and contract (One Tenant),165.96,29.04,195.00
257406,12-8-2014,PESLEW1,SUN039,Lewis,Pestell & Miss Kelly Clark,39 Sunnymead,Werrington,Peterborough,Cambridgeshire,PE4 5BY,Charge for application and contract (2 Tenants) 1st Feb 2014 Prices,275.00,55.00,330.00
254937,9-13-2011,CERLAU1,LAN084,Laura,Cernauskaite,84 Langley,Bretton,Peterborough,,PE3 8QD,Charge for application and contract (One Tenant),179.17,35.83,215.00
253577,6-2-2009,TANWON1,HAZ025,Wonder,Tanyanyiwa,25 Hazelcroft,Werrington,Peterborough,,PE4 5BJ,Charge for application and contract (2+ Tenants),169.57,25.43,195.00
253116,5-8-2008,PLAMAR1,SOM050,Mark,Platten,50 Somerville,Werrington,Peterborough,,PE4 5BB,Charge for application and contract,148.94,26.06,175.00
257872,6-20-2015,CHIKUD1,WES267,Kudzai,Chibamu,267 Westlake Avenue,Hampton Vale,Peterborough,Cambs,PE7 8LN,Charge for application and contract (1 Tenant) 1st Feb 2014 Prices,183.33,36.67,220.00
251543,3-10-2006,WILMAR1,ESS126,Maria,Wilczynska,126 Essendyke,Bretton,Peterborough,,PE3 8JD,Charge for application and contract,123.40,21.60,145.00
256308,7-24-2013,GRAMEL1,OSP010,Melanie,Grantham,10 Osprey,Orton Goldhay,Peterborough,Cambs,PE2 5FW,Charge for application and contract (One Tenant),179.17,35.83,215.00
254366,12-4-2010,DUEEDW1,HED108,Edward,Duell,108 Hedgelands,Werrington,Peterborough,,PE4 5AD,Charge for application and contract (One Tenant),156.52,23.48,180.00
254621,4-11-2011,TYLDEB1,CAL017,Deborah,Tyler and Finlay Cordes,17 Caldbeck Close,Gunthorpe,Peterborough,,PE4 7NE,Charge For Renewal of Contract for contract commencing 10/04/2011,21.28,3.26,25.00
254868,8-13-2011,DEVGAB1,MAR077,Gabriela,Devatova & Mr Tomas Kollar,77 St Martins Street,Millfield,Peterborough,Cambs,PE1 3BB,Charge For Renewal of Contract for contract commencing 12/08/2011,25.00,5.00,30.00
255110,12-5-2011,MACKAT1,HIG239,Kate,Macmurray,239 High Street,Old Fletton,Peterborough,,PE2 9EH,Charge for application and contract (One Tenant),179.17,35.83,215.00
251819,5-31-2006,EDUELL,EAS031,Emma,Duell,31 Eastfield Road,Eastfield,Peterborough,,PE1 4AP,Charge for application and contract,123.40,21.60,145.00
255961,2-15-2013,CARORV1,BAT093,Orville,Carter & Mrs M Webb,93 Bath Road,Eye,Peterborough,Cambs,PE6 7PY,Charges for reletting of the property whilst under contract,290.00,58.00,348.00
255962,2-16-2013,SHIVIC1,WIL065,Victoria,Shipp & Mr A Mears,65 Wildlake,Orton Malborne,Peterborough,Cambs,PE2 5PQ,Charge For Renewal of Contract for contract commencing 16/02/2013,25.00,5.00,30.00
252318,1-3-2007,WICTIM1,MID025,Timothy,Wickham & Mrs Pamela Denwood,25 Middleton,Bretton,Peterborough,,PE3 9XQ,Charge for application and contract,123.40,21.60,145.00
252810,9-26-2007,HAYIAN1,GLE20A,Ian,Hayes,20a Glencoe Way,Orton Southgate,Peterborough,Cambs,PE2 6SJ,Charge for application and contract,123.40,21.60,145.00
251320,11-9-2005,EVASEA1,SWA064,Sean,Evans & Mrs Joanne Fowkes,64 Swan Gardens,Eastfield,Peterborough,,PE1 4SB,Charge for application and contract,123.40,21.60,145.00
251321,11-18-2005,SZRBEA1,BRU012,Beata,Szreder,12 Brudenell,Orton Goldhay,Peterborough,,PE2 5SX,Charge for application and contract,123.40,21.60,145.00
251322,11-7-2005,FURDER1,ALB103,Derek,Furze,103 Albany Walk,Woodston,Peterborough,,PE2 9JW,Charge for application and contract,123.40,21.60,145.00
253912,1-25-2010,NESMAR1,QUE035,Maria,Nespoli,35 Queens Road,Fletton,Peterborough,Cambs,PE2 8BS,Charge for application and contract (One Tenant),156.52,23.48,180.00
253913,1-25-2010,ARNCRA1,PHO011,Craig,Arnold,11 Phorpres Court,Woodston,Peterborough,Cambs,PE2 9EL,Charge for application and contract (One Tenant),156.52,23.48,180.00
256670,1-6-2014,PRALAU1,APO052,Laura,Praslauskaite,52 Apollo Avenue,Stanground,Peterborough,Cambs,PE2 8GB,Charge For Renewal of Contract for contract commencing 05/01/2014,25.00,5.00,30.00
256671,1-6-2014,GIBAMY1,HIG006,Amy,Gibb & Mr A Coleman,6 High Court Way,Hampton Vale,Peterborough,Cambs,PE7 8ER,Charge for application and contract (2+ Tenants),200.00,40.00,240.00
256672,1-8-2014,ARBLEE1,SPI007,Lee,Arbon,7 Spiros Road,Stanground,Peterborough,Cambs,PE2 8FL,Charge for application and contract (One Tenant),179.17,35.83,215.00
256673,1-8-2014,TAYKAT1,THO011,Katie,Taylor,11 Thornton Close,Gunthorpe,Peterborough,Cambs,PE4 7UH,Charge for application and contract (2+ Tenants),200.00,40.00,240.00
254121,7-26-2010,CHIAND1,VAL058,Andrew,Chivers,58 Vale Drive,Hampton Vale,Peterborough,,PE7 8EP,Tenancy renewal fee for the contract commencing: 24/07/2010,21.28,3.72,25.00
254122,7-26-2010,GARCHR1,HOR006,Christopher,Garner & Miss K Aveyard,6 Horseshoe Way,Hampton Vale,Peterborough,,PE7 8LG,Charge for application and contract (2+ Tenants),173.91,26.09,200.00
254123,7-28-2010,BRIGAR2,NEP028,Gareth,Brighton,28 Neptune Close,Stanground,Peterborough,,PE2 8GL,Charge for application and contract (One Tenant),156.52,23.48,180.00
253872,12-17-2009,GUSLUK1,BRI007,Lukasz,Gustak & Mr Piotr Sapeta,7 Briar Way,Eastfield,Peterborough,Cambs,PE1 5LH,Charge for application and contract (2+ Tenants),173.91,26.09,200.00
254321,11-12-2010,FEERIC1,CEC036,Richard,Feek,36 Cecil Road,Dogsthorpe,Peterborough,,PE1 3PU,Charge For Renewal of Contract for contract commencing 12/11/2010,21.28,3.26,25.00
252276,12-12-2006,ROWKEV1,OLD002,Kevin,Rowell & Miss N Britten,2 Old Bailey Road,Hampton Vale,Peterborough,,PE7 8EQ,Charge for application and contract,123.40,21.60,145.00
252277,12-13-2006,HHARRI,HED039,Helen,Dodds & Mr P Dodds,39 Hedgelands,Werrington,Peterborough,,PE4 5AA,Tenancy renewal fee for the contract commencing: 11/12/2006,21.28,3.72,25.00
251250,10-9-2005,YOUSCO1,CHU03A,Scott,Young,3A Churchfield Road,Walton,Peterborough,,PE4 6HD,Tenancy fee,63.83,11.17,75.00
251342,11-30-2005,TPEND1,FLA023,Tamasine,Pender,23 Flamborough Close,Woodston,,Peterborough,PE2 9LW,Charge For Renewal of Contract,21.28,3.72,25.00
251343,11-30-2005,DRUSH1,TEM053,Debbie,Rushby & Chris Houston,53 Temple Grange,Werrington,Peterborough,,PE4 5DN,Charge For Renewal of Contract,21.28,3.72,25.00
252217,11-20-2006,JSTEE1,     2,Janine,Steels,131 Belsize Avenue,Woodston,Peterborough,,PE2 9HY,Tenancy renewal fee for the contract commencing: 16/11/2006,21.28,3.72,25.00
251720,5-5-2006,KSMART,SOM020,Katherine,Smart,20 Somerville,Werrington,Peterborough,,PE4 5BB,Tenancy renewal fee for the contract commencing: 03/04/2006,21.28,3.72,25.00
256144,5-9-2013,BORAND1,REG035,Andrzej,Borucki and Mrs G Borucki,35 Regal Place,Woodston,Peterborough,,PE2 9AP,Charge For Renewal of Contract for contract commencing 09/05/2013,25.00,5.00,30.00
256145,5-9-2013,ARNMAN1,PAU077,Mandy,Arnold,77 Paulsgrove,Orton Wistow,Peterborough,Cambs,PE2 6YF,Charge For Renewal of Contract for contract commencing 09/05/2013,25.00,5.00,30.00
256146,5-9-2013,COOIAN1,PEN042,Ian,Cook & Mrs M Cook,42 Penrith Grove,Gunthorpe,Peterborough,,PE4 7FQ,Charge For Renewal of Contract for contract commencing 08/05/2013,25.00,5.00,30.00
251933,8-9-2006,DPARKE,WHE032,Darryl,Parker and Miss T Warman,32 Wheatdole,Orton Goldhay,Peterborough,Cambs,PE2 5QS,Tenancy renewal fee for the contract commencing: 26/06/2006,21.28,3.72,25.00
