IdNo,Description,Net,VAT,Total,NotUsed
1,Relet Fee,35.00,7.00,42.00,1
2,Establishment Fee,95.00,19.00,114.00,1
3,Renewal Fee,40.00,8.00,48.00,1
4,Relet Fee,25.00,5.00,30.00,1
5,Renewal Fee,25.00,5.00,30.00,1
6,1 Tenant Credit Reference,15.00,3.00,18.00,1
7,2 tenants Credit Reference,25.00,5.00,30.00,1
8,Credit Reference Check for Tenant and Guarantor,25.00,5.00,30.00,1
9,1 Guarantor Credit Check,15.00,3.00,18.00,1
10,Credit Check 2 tenants plus Guarantor,35.00,7.00,42.00,1
12,Charge for application and contract (One Tenant),179.17,35.83,215.00,1
13,Charge For Renewal of Contract,40.00,8.00,48.00,1
14,Charge for producing account statement,25.00,5.00,30.00,0
15,Charge for returned cheque,10.00,2.00,12.00,0
16,Charge for application and contract,79.17,15.83,95.00,1
17,Administration charge for late rental,10.00,2.00,12.00,1
18,Charge for application and contract (2+ Tenants),233.33,46.67,280.00,1
19,Charge for application and contract (1 Tenant),233.33,46.67,280.00,0
20,Charge for application and contract (2 Tenants),350.00,70.00,420.00,0
21,Charge for application and contract (3 Tenants),466.67,93.33,560.00,0
