Lock,lord_ref,title,surname,forename,initials,addr_1,addr_2,addr_3,addr_4,postcode,tel_home,tel_work,Notes,Source,bank_name,bank_addr1,bank_addr2,bank_addr3,bank_pcode,bank_sort,bank_accno,bank_accnt,bank_ref,checksum,tax_retain,tax_value,lstt_date,acct_ref,addtocost,addtowhat,indiv_stat,ownrepairs,fax,email,mobile,fico2,clientacct,mainoffice,updoffices,MainNotes,overseas,Overseasnotes,fico,UKContact,UKTitle,UKForename,UKSurname,UKAddress1,UKAddress2,UKAddress3,UKAddress4,UKPostCode,UKTelephone,JointOS,Partnername,Country,Dealnotes,Tel1,Tel1desc,Tel2,Tel2desc,Tel3,Tel3desc,Tel4,Tel4desc,Tel5,Tel5desc,Tel6,Tel6desc,Unsubscribe,Emailnotes,Date,Time,User,Lastemail,IDChecked,IDCheckedBy,IDcheckeddate,IDCheckeddetails,created_at,updated_at,deleted_at
0,MERIAN1,Mr,Merrett,Ian,,25 Charles Street,Berkhamsted,-,Hertfordshire,HP4 3DG,01442 876730,01442 876730,,,,,,,,,,,,,0,0,,,0,,0,0,07920 247560,ian_merrett@zmail.com,01442 876730,,0,,,,0,,,0,,,,,,,,,,0,,181,,,,,,,,,,,,,,0,,,,1,,0,0,,,2017-08-21 09:15:32,2017-08-21 09:15:32,
0,MONBOO1,Mr,Mondair,Boota,,40 Peterborough Road,Farcet,-,Peterborough,PE7 3BH,01733 244236,01733 244236,,Client referral (LL is a solicitor),,,,,,,,,,,0,0,,,0,,0,0,01733 244489,boota_mondair@zmail.com,01733 244236,,0,,,,0,,,0,,,,,,,,,,0,,181,,,,,,,,,,,,,,0,,,,1,,0,0,,,2017-08-21 09:15:32,2017-08-21 09:15:32,
0,FAUDEA1,Mr,Faulkner,Dean,J,25  Westminster Gardens,Eye,-,Peterborough,PE6 7SP,01733 221022,01733 221022,,,,,,,,,,,,,0,0,,,0,,0,0,07958 638497(DF),dean_faulkner@zmail.com,01733 221022,,0,,,,0,,,0,,,,,,,,,,0,,181,,,,,,,,,,,,,,0,,,,1,,0,0,,,2017-08-21 09:15:32,2017-08-21 09:15:32,
0,AKHPER1,Mr,Akhtar,Pervaz,,10 The Hallards,Eaton Ford,St.Neots,Cambs,PE19 7QW,01480-212127,01480-212127,,Internet,,,,,,,,,,,0,0,,,0,,0,0,,pervaz_akhtar@zmail.com,01480 212127,,0,,,,0,,,0,,,,,,,,,,0,,181,,,,,,,,,,,,,,0,,,,1,,0,0,,,2017-08-21 09:15:32,2017-08-21 09:15:32,
0,ARAPIE1,Mr,Aragosa,Pietro,,1 Harris Street,Millfield,Peterborough,Cambs,PE1 2LY,07768 727996,07768 727996,,Yellow Pages and Evening Telegraph,,,,,,,,,,,0,0,,,0,,0,0,,pietro_aragosa@zmail.com,07768 727996,,0,,,,0,,,0,,,,,,,,,,0,,181,,,,,,,,,,,,,,0,,,,1,,0,0,,,2017-08-21 09:15:32,2017-08-21 09:15:32,
0,SIMPET1,Mr,Simmons,Peter,,1 Middlesborough Close,Stevenage,-,Herts,SG1 4TJ,01438 722678,01438 722678,,He is the brother of existing landlady Mrs Weston,,,,,,,,,,,0,0,,,0,,0,0,,peter_simmons@zmail.com,01438 722678,,0,,,,0,,,0,,,,,,,,,,0,,181,,,,,,,,,,,,,,0,,,,1,,0,0,,,2017-08-21 09:15:32,2017-08-21 09:15:32,
0,MCLNOE1,Mrs,McLaughlin,Noel,M,7 The Ridge,London Road,Hampton Vale,Peterborough,PE7 8LL,01733 245373,01733 245373,,Sue - Your Move,,,,,,,,,,,0,0,,,0,,0,0,0870 7621336,noel_mclaughlin@zmail.com,01733 245373,,0,,,,0,,,0,,,,,,,,,,0,,181,,,,,,,,,,,,,,0,,,,1,,0,0,,,2017-08-21 09:15:32,2017-08-21 09:15:32,
0,ROBLEE1,Mr,Robinson,Lee,Brett,12 Shamrock Close,Stanground,-,Peterborough,PE2 8JB,078 1108 1890,078 1108 1890,,Graeme Leech,,,,,,,,,,,0,0,,,0,,0,0,,lee_robinson@zmail.com,078 1108 1890,,0,,,,0,,,0,,,,,,,,,,0,,181,,,,,,,,,,,,,,0,,,,1,,0,0,,,2017-08-21 09:15:32,2017-08-21 09:15:32,
0,CHENIC1,Mrs,Checksfield-Boyle,Nichole,Jutta,The Studio,Les Sapins,La Rue De L'Etocquet,"St John, Jersey",JE3 4AE,01733 244459,01733 244459,,Yell.com,,,,,,,,,,,0,0,,,0,,0,0,,nichole_check@zmail.com,01733 244459,,0,,,,1,,,0,,,,,,,,,,0,,181,,,,,,,,,,,,,,0,,,,1,,0,0,,,2017-08-21 09:15:32,2017-08-21 09:15:32,
0,FOUMAR1,Mr,Fountain,Martin,S A,14 Stonebridge,Orton Malborne,-,Peterborough,PE2 5NF,01733 687497,01733 687497,,Mr T Dixon L/L 15 Sellers Grange,,,,,,,,,,,0,0,,,0,,0,0,,martin_fountain@zmail.com,01733 687497,,0,,,,0,,,0,,,,,,,,,,0,,181,,,,,,,,,,,,,,0,,,,1,,0,0,,,2017-08-21 09:15:32,2017-08-21 09:15:32,
0,WHISCO1,Mrs,Whight,Scott,,46 Elm Crescent,Glinton,-,Peterborough,PE6 7LE,01733 253543,01733 253543,,Advert,,,,,,,,,,,0,0,,,0,,0,0,07895 270961 Frankie,scott_whigt@zmail.com,01733 253543,,0,,,,0,,,0,,,,,,,,,,0,,181,,123,some details,123123,some more details,123123123,even more details,,,,,,,0,,,,1,,0,0,,,2017-08-21 09:15:32,2017-10-03 08:35:58,
0,ROOANI1,Ms,Roohi,Anila,,43 Whiteland House,Cheltenham Terrace,-,London,SW3 4QY,01733 234800,01733 234800,,,,,,,,,,,,,0,0,,,0,,0,0,,anila_roohi@zmail.com,01733 234800,,0,,,,0,,,0,,,,,,,,,,0,,181,,,,,,,,,,,,,,0,,,,1,,0,0,,,2017-08-21 09:15:32,2017-08-21 09:15:32,
0,TAULOU1,Mrs,Taute,Louise,,4 Mendlessohn Grove,Browns Wood,-,Milton Keynes,MK7 8DH,01908 274061,01909 274061,,Sharman Quinney (ages ago!),,,,,,,,,,,0,0,,,0,,0,0,,louise_taute@zmail.com,01908 274061,,0,,,,0,,,0,,,,,,,,,,0,,181,,,,,,,,,,,,,,0,,,,1,,0,0,,,2017-08-21 09:15:32,2017-08-21 09:15:32,
0,BUGBRU1,Mr,Bugalski,Bruno,,8 Cecil Pacey Court,Off Crown Street,New England,Peterborough,PE1 3NJ,01733 704530,01734 704530,,Has known about us for a long time,,,,,,,,,,,0,0,,,0,,0,0,,bruno_bugalski@zmail.com,01733 704530,,0,,,,0,,,0,,,,,,,,,,0,,181,,,,,,,,,,,,,,0,,,,1,,0,0,,,2017-08-21 09:15:32,2017-08-21 09:15:32,
0,SHEFOR1,Mr,Shepherd,Ian,,29 Silver Street,Buckden,-,Cambs,PE19 5TS,01480 819678,01480 819678,,,,,,,,,,,,,0,0,,,0,,0,0,,ianr_shepherd@zmail.com,01480 819678,,0,,,,0,,,0,,,,,,,,,,0,,181,,,,,,,,,,,,,,0,,,,1,,0,0,,,2017-08-21 09:15:32,2017-08-21 09:15:32,
0,DOBNAT1,Ms,Dobson,Natasha,W,54 Long Street,-,-,Millton of Noth,AB54 6NA,077 0051 4885,077 0051 4885,,natural market,,,,,,,,,,,0,0,,,0,,0,0,,natasha_dobson@zmail.com,077 0051 4885,,0,,,,0,,,0,,,,,,,,,,0,,181,,,,,,,,,,,,,,0,,,,1,,0,0,,,2017-09-21 12:49:07,2017-09-21 12:49:07,
0,HARSOP1,Ms,Hart,Sophia,J,30 Foregate Street,-,-,Coatbrigde,ML5 8NS,078 2560 8413,078 2560 8413,,Recommendation,,,,,,,,,,,0,0,,,0,,0,0,,sophia_hart@zmail.com,078 2560 8413,,0,,,,0,,,0,,,,,,,,,,0,,181,,,,,,,,,,,,,,0,,,,1,,0,0,,,2017-09-21 13:12:02,2017-09-21 13:12:02,
0,KAYMOL1,Ms,Kay,Molly,C,30 Moulton Road,-,-,Guilsfield,SY21 1XB,070 5655 4155,070 5655 4155,,reccomendation,,,,,,,,,,,0,0,,,0,,0,0,,molly_kay@zmail.com,070 5655 4155,,0,,,,0,,,0,,,,,,,,,,0,,181,,,,,,,,,,,,,,0,,,,1,,0,0,,,2017-09-21 13:17:42,2017-09-21 13:17:42,
0,DOMDOH1,Mr,Doherty,Dominic,R,85 Baldock Street,-,-,Nigg,AB1 0US,077 2535 9491,078 2535 9491,,,,,,,,,,,,,0,0,,,0,,0,0,,dominic_doherty@zmail.com,077 2535 9491,,0,,,,0,,,0,,,,,,,,,,0,,181,,,,,,,,,,,,,,0,,,,1,,0,0,,,,,
0,OWECRA1,Mr,Craig,Owen,Y,45 Newmarket Road,-,-,Hawkswick,BD23 1AD,079 4553 6854,080 4553 6854,,,,,,,,,,,,,0,0,,,0,,0,0,,owen_craig@zmail.com,079 4553 6854,,0,,,,0,,,0,,,,,,,,,,0,,181,,,,,,,,,,,,,,0,,,,1,,0,0,,,,,
0,KATROB1,Ms,Robertson,Katherine,J,42 Canterbury Road,-,-,Valleyfield,DG6 8NA,070 2559 0004,071 2559 0004,,,,,,,,,,,,,0,0,,,0,,0,0,,katherine_robertson@zmail.com,070 2559 0004,,0,,,,0,,,0,,,,,,,,,,0,,181,,,,,,,,,,,,,,0,,,,1,,0,0,,,,,
0,ETHKEN1,Mr,Kent,Ethan,A,76 Southern Way,-,-,North Dalton,YO25 6PT,079 7241 8659,080 7241 8659,,,,,,,,,,,,,0,0,,,0,,0,0,,ethan_kent@zmail.com,079 7241 8659,,0,,,,0,,,0,,,,,,,,,,0,,181,,,,,,,,,,,,,,0,,,,1,,0,0,,,,,
