Maintidno,MaintName,MaintTitle,MaintForename,MaintSurname,MaintAdd1,MaintAdd2,MaintAdd3,MaintAdd4,MainPostcode,MainTelno,MaintFaxno,MaintOthertel,MaintGSI,MaintContact,MaintDescription,SpecialComments,NotUsed,SendLetter,Blocked,BlockedBy,BlockedDate,Reason,BlockedExpiry,BlockLimit,PLIStart,PLIEnd,PLINotes,Emailcontact,GSI,Invisible,
1,"G L Plumbing, Heating & Maintenance",Mr,Smith,Bailey,2 Egar Way,South Bretton,Peterborough,Cambs,PE3 9AE,729 862,Smith@gmail.com,Bailey@gmail.com,109 943,109 474,plumbing,Plumbing and Gas safety,,0,1,0,,,,,,12-15-2016,12-14-2017,,1,1,0
2,PN Building Maintenance (PINO),Mr,Jones,Parker,103 Whittlesey Road,Stanground,Peterborough,Cambs,PE2 8RW,578 261  ,Jones@hooli.com,Parker@yahoo.com,,jones@hooli.com,General maintenance and decoration,,0,1,0,,,,,20,2-24-2017,2-24-2018,,1,0,0,
3,Express Flooring (NOT USED),Mr,Taylor,Miller,15 Highclere Road,Hampton Hargate,Peterborough,Cambs,PE7 8AQ, 458 268,Taylor@googlemail.com,Miller@mail.com,,taylormiller@googlemail.com,Carpet and Floor Fitting and Kitchen Fitting,,0,1,0,,,,,15,1-1-2007,12-31-2007,,0,0,0,
4,Roy G,Mr,Williams,Davis,1 Hundreds Road,Crowland,Peterborough,Cambs,PE6 0LG, 411 385,91234567890,,,54 124,Clearance,,0,1,0,,,,,15,3-29-2017,3-28-2018,,0,0,0,
5,ABC Windows (not used),Mr, Brown,Murphy,23 Lancaster Way,Market Deeping,Peterborough,Cambs,PE6 8LA, 380 443,9876543210,109 474,,54 036,Windows - REPAIRS ONLY.,,0,0,0,,,,,25,1-1-2007,12-31-2007,,0,0,0,
6,S Roofing,Mr,Davies,Price,"Unit 4, Roman Bank",Bourne,Lincs,,PE10 9LQ, 316 982,Davies@chumhum.co.uk,108 041,,53 575,Roofing,,0,1,0,,,,,15,5-15-2017,5-14-2018,,0,0,0,
8,P Aerials (not used),Mr,Evans,Bell,19 Churchfield Road,Walton,Peterborough,Cambs,PE4 6HD, 231 844,Evans07@chumhum.com,106 245,,52 955,Aerials,,0,1,0,,,,,10,12-3-2009,12-2-2010,AP - 15/11/2010 15:38:17 - Reminder sent,0,0,0,
9,Landlord,,,,,,,,,,234567891,,,,Landlord will perform maintenance,,0,0,0,,,,,25,1-1-2007,1-1-2020,,0,0,0,
11,Tenant Performing,Tenant,Wilson,Baker,The,Work,Themselves,,,227 652,Wilson@chumhum.com,,,,Tenant performing maintenance WITH L/L AGREEMENT,,0,0,0,,,,,25,1-1-2007,1-1-2020,,0,0,0,
14,AC Building,,,,,,,,, ,Roberts@hooli.com,,,52 608,Building works,"MT - 28/09/2011 16:07:15 - CALL ABOUT JOBS AS E-MAIL IS DOWN_x000d_
Very well qualified builder. Use for any specialist building work.",0,1,0,,,,,10,5-5-2017,5-4-2018,,0,0,0,
15,JH (not used),,,,,,,,,,123456789,,,,,,0,0,0,,,,,25,1-1-2007,12-31-2007,,0,0,0,
16,A Appliances,,Thomas,Griffiths,39 Granville Avenue,Northborough,Peterborough,Cambs,PE6 9DB, 220 228,Thomas@hooli.com,104 048,,,Appliances - ELECTRIC ONLY,,0,1,0,,,,,10,3-30-2017,3-29-2018,,0,0,0,
17,Estates Property Management Ltd (NOT USED),,,,,,,,,,3456789012,,,,,,0,0,0,,,,,25,1-1-2007,12-31-2007,,0,0,0,
18,B Electrical Ltd (not used),,,,"Unit 9, Meadow View Business Units",Uffington Road,Stamford,Lincs,PE9 2EX, ,4567890123,,,,Electrical,,0,0,0,,,,,25,1-1-2007,12-31-2007,,0,0,0,
19,E Glass (not used),Mr,Roberts,Kelly,22 Royce Road,Carr Road Industrial Estate,Peterborough,Cambs,PE1 5YH, 219 694,Roberts@chumhum.co.uk,102 415,,52 410,Glass,,0,1,0,,,,,10,11-6-2010,11-6-2011,"AP - 15/11/2010 15:30:51 - e-mailed Wayne advising we are suspending them unless the policy arrives by 17/11/2010_x000d_
AP - 15/11/2010 15:29:30 - Spoke to Wayne- He will get Wnedy to send us the policy details_x000d_
AP - 26/10/2010 11:41:48 -  reminder for next month sent",0,0,0,
20,City Locks (NOT USED),Mr,Johnson,Simpson,Unit 7,Edgerley Business Park,Challenger Way,Peterborough,PE1 5EX, 214 969,Johnson@hooli.com,101 082,,52 399,Key Cutting etc.,,0,0,0,,,,,25,1-1-2007,12-31-2007,,0,0,0,
21,Warranty,,,,,,,,,,56789012345,,,,Under Warranty,,0,0,0,,,,,25,1-1-2007,1-1-2020,,0,0,0,
22,A Maintenance fund (not used),,,,c/o Churchgate Limited,40 Thorpe Wood,Thorpe Wood Business Park,Peterborough,PE3 6SR, ,67890123456,,,,Management Company For the Apex,,0,0,0,,,,,25,1-1-2007,1-1-2020,,0,0,0,
23,Millennial Windows (not used),,,,10 Broad Street,Whittlesey,Peterborough,Cambs,PE7 1HA,,78901234567,111 011,,Watts,,"09/02/06 All quotes INCLUDE our 10%.  07/04/06 - Millenium do NOT do REPAIR work, only installation.",0,0,0,,,,,10,10-14-2005,10-13-2006,WL - 18/12/2008 10:30:44 - FENSA registered - expired 31/12/07,0,0,0,
