Id,Maintco,Type,Date,Who,Reason
1,24,UnBlock,3-15-2007,1,sss
2,24,Block,3-15-2007,1,As per MT
3,24,UnBlock,3-16-2007,3,No longer using
4,58,UnBlock,3-16-2007,3,No longer using
5,45,UnBlock,3-16-2007,3,no longer using
6,51,UnBlock,3-16-2007,3,no longer using
7,55,UnBlock,3-16-2007,3,no longer using
8,70,UnBlock,3-16-2007,3,not used
9,75,UnBlock,3-16-2007,3,Never used
10,67,UnBlock,3-16-2007,3,do not use
11,73,UnBlock,3-16-2007,3,"too expensive, not using"
12,63,UnBlock,3-16-2007,3,never used
13,84,Block,3-20-2007,22,He confirmed that he currently has too much work to take on more with us.  Will call when this changes.
14,76,Block,3-23-2007,22,Unable to use.  Being removed.
15,76,UnBlock,3-23-2007,3,not using
16,81,Block,3-29-2007,22,Simon in hospital - unreliable availability
17,81,UnBlock,4-2-2007,3,taken off list
18,1,UnBlock,4-3-2007,22,System error
19,71,UnBlock,4-3-2007,22,Back off holiday again.
20,44,Block,4-11-2007,22,They fully booked up for 1 x week.
21,44,UnBlock,4-17-2007,22,Need to correct the note.
22,44,Block,4-17-2007,22,too busy until then
23,86,UnBlock,5-2-2007,22,Not sure why he is blocked to be honest as I only ever gave him one job.
24,87,UnBlock,5-8-2007,22,Should not be blocked.
25,87,UnBlock,5-8-2007,22,SHOULD NOT BE BLOCKED!!!!!!
26,1,UnBlock,5-11-2007,22,Should not still be blocked as I have updated.
27,3,UnBlock,5-14-2007,22,We need him despite poor performance!!
28,1,UnBlock,5-17-2007,22,unblock
29,3,UnBlock,5-17-2007,22,need to use him
30,3,UnBlock,5-17-2007,2,use
31,3,UnBlock,5-17-2007,1,tt
32,3,UnBlock,5-17-2007,22,need to use him
33,88,UnBlock,5-22-2007,22,Should not be blocked
34,2,UnBlock,5-23-2007,22,Need to use him
35,86,UnBlock,5-23-2007,22,Need to use him
36,1,UnBlock,5-24-2007,22,Need to use him
37,87,UnBlock,6-14-2007,22,Should not be blocked - why?
38,66,Block,6-15-2007,22,On holiday.
39,52,Block,6-21-2007,22,Too much on at the moment.  Will contact us - just has a lot to do currently.
40,66,UnBlock,7-2-2007,9,carol is back from holiday
41,2,Block,7-5-2007,22,Too many bits and pieces outstanding all over the show.  Needs to clean up and bring jobs under control.  Also too many outstanding quotes.
42,2,UnBlock,7-6-2007,22,Need to add a job already done - not allocating new maintenance
43,86,Block,7-18-2007,22,On holiday of 23rd to the 6th
44,86,UnBlock,7-18-2007,22,Add to a job he is attending this week
45,92,UnBlock,7-23-2007,22,"Should not be blocked.  His oustanding total has not been set, so I have done this today to avoid the system just blocking."
46,91,UnBlock,7-23-2007,22,Should not be blocked- I have re-set the outstanding jobs counter as it is currently on 0
47,86,Block,7-24-2007,10,Neil on annual leave according to his mobile a/m.
48,2,Block,7-30-2007,22,"Going on holiday soon, and too many little niggling bits outstanding.  No new jobs until the old have been successfully completed."
49,2,UnBlock,7-30-2007,22,Need him to re-attend an old job!
50,57,Block,8-4-2007,22,No longer trading
51,86,UnBlock,8-6-2007,10,Neil called to say he is back from holiday now.
52,2,Block,8-7-2007,22,Too many outstanding.
53,3,Block,8-8-2007,22,On holiday
54,3,UnBlock,8-10-2007,22,Need to add a quote request for DTC
55,8,Block,8-13-2007,22,Please do not use anymore - we have someone else.  See Tam
56,95,UnBlock,9-6-2007,3,O/s jobs wrong
57,45,Block,9-14-2007,2,Seen his work!!!! Enough said.
58,2,UnBlock,9-19-2007,22,Need him to attend an un-official job for me.  Need it to be cheap etc.
59,96,UnBlock,10-2-2007,22,Should not be blocked.
60,2,UnBlock,10-24-2007,22,Updating
61,100,UnBlock,11-14-2007,22,Should not be blocked!!
62,102,UnBlock,11-21-2007,22,0 Jobs allocated!!!!!!!
63,3,Block,12-6-2007,22,Not updating and too much work on.  Please use Abledell for all your flooring requirements.
64,101,UnBlock,12-10-2007,22,Why blocked - 0 jobs!!
65,3,UnBlock,12-19-2007,2,Need to allocate 18 Henry Street to him.
66,103,UnBlock,1-7-2008,22,aehaerjsr45
67,2,UnBlock,1-24-2008,22,Updated his jobs so the sytem should have unblocked automatically bu t has not.
68,3,UnBlock,1-30-2008,22,Need to allocate a re-attend job.
69,3,UnBlock,1-30-2008,22,Need to re-attend
70,3,UnBlock,1-30-2008,3,To add necessary one job !
71,3,UnBlock,2-2-2008,3,needs a test
72,3,UnBlock,2-2-2008,3,help
73,3,Block,2-2-2008,3,too many jobs
74,3,UnBlock,2-7-2008,22,Need to use him unfortunately.
75,90,UnBlock,2-29-2008,1,kjjgh
76,107,UnBlock,3-27-2008,3,Back onto system
77,2,UnBlock,4-8-2008,22,Updating oustandings.
78,3,Block,4-18-2008,3,Too much work outstanding and going on holiday
79,2,UnBlock,4-18-2008,3,Needed
80,2,UnBlock,4-18-2008,22,Need to allocate to him.
81,2,UnBlock,4-18-2008,22,I have updated his jobs!!  Why still blocked!!!
82,3,UnBlock,4-24-2008,3,Taken off system anyway !
83,2,Block,5-3-2008,3,invoices not in
84,1,UnBlock,5-3-2008,3,Invoices in
85,1,UnBlock,5-3-2008,3,invoices in
86,1,UnBlock,5-3-2008,3,invoices in
87,2,UnBlock,5-8-2008,3,yes
88,1,Block,5-12-2008,3,Too many jobs late
89,2,Block,5-12-2008,3,Too many jobs late
90,2,Block,5-12-2008,3,Too many jobs late
91,2,Block,5-12-2008,3,Too many jobs late
92,98,UnBlock,5-12-2008,3,Blocked for no jobs
93,98,UnBlock,5-12-2008,3,No need to block
94,2,UnBlock,5-12-2008,3,needed to quote
95,1,UnBlock,5-13-2008,3,Jobs ok
96,1,UnBlock,5-13-2008,3,jobs ok
97,1,UnBlock,5-13-2008,3,not needed
98,110,UnBlock,5-15-2008,3,new limit
99,110,UnBlock,5-15-2008,3,new limit
100,110,UnBlock,5-15-2008,3,no need
101,80,Block,5-24-2008,3,On holiday