Lock,Builder,Development,Intcompany,Takeonby,Guarantee,FutureGuarantee,FutureGuaranteeNotes,GuaranteeCommission,GuaranteeContractChecked,GuaranteeContractDate,GuaranteeContractBy,Guaranteeblock,Guaranteeblockreason,Guaranteeblocknotes,Guaranteelettersent,LLBlock,LLBlockreason,Dateadded,Timeadded,Money,PropertyRef,Rightmovelink,RentStatus,NOEMAIL,WebId,Telephonesupplier,KLAPSDay,EERCurrent,EERPotential,EER,EIRCurrent,EIRPotential,EIR,EPCRefNo,DEACreated,DEACreatedBy,DEANotes,NewInstruction,Dateon,AgreementOnFile,AgreementOnFileDate,AgreementOnFileCheckedBy,Owned,Category,ExInspect,JobManageOnly,OfficeInfo,RICallLL,OffBooks,LordRef,Contref,TentRef,AccountType,Placement,Placementfee,addr_1,addr_2,addr_3,addr_4,postcode,Area,Featured,Feature1,Feature2,Feature3,Feature4,Feature5,Feature6,Feature7,Feature8,Feature9,Feature10,KeyNumber,Board,BoardNoReason,Current,Requested,BoardStatusDate,BoardInstructions,Description,Directions,Worktobedone,Billing,WebBilling,ConfirmApps,ConfDetails,Commission,Rent,Establishment,EstablishmentAmount,Renew,RenewAmount,Relet,ReletAmount,Credit,CreditAmount,Autopay,AutopayDefault,LLPaysMaint,PayMethod,DeductTaxRate,CouncilTaxBand,HouseType,Bedrooms,DoubleBedrooms,SingleBedrooms,Furnished,Garage,Shed,Patio,Heating,TenantType,Appliances,DownstairsWC,Alarm,Alarmcode,Smokers,Cats,Dogs,Appointments,Problems,ToLet,AvailableDate,BankName,BankAddress1,BankAddress2,BankAddress3,BankAddress4,BankPostCode,BankSortCode,BankAccountName,BankAccountNumber,BankAccountreference,NetCommission,VATCommission,TotalCommission,APSuspend,APSuspendReason,APMethod,APFee,MonthlyStatement,APSpecialInstructions,APEmailAddress,Flysheet,ElectricMeterLocation,ElectricMeterType,ElectricMeterSerial,Gasmeterlocation,GasmeterSerial,GasMeterType,Watermeterlocation,Watermeterserial,FenceDetails,Fobs,Fobdetails,LetDetails,EmailStat,StatEmailAddress,AlternatStat,StatTitle,StatForename,StatSurname,StatAddr1,StatAddr2,StatAddr3,StatAddr4,StatPostCode,EmailLetters,EmailInvoices,AlternatCorr,CorrTitle,CorrForename,CorrSurname,CorrAddr1,CorrAddr2,CorrAddr3,CorrAddr4,CorrPostCode,LegalOwner,MaintNotes,Maintnotesint,ManagementCompany,ParkingPermitRequired,ParkingPermit,Driveway,ParkingFor,Garden,GroundFloor,UpperFloor,Shower,Sharers,Childen,Detached,Appliancesincluded,Sopcock,Fusebox,Immersion,NotAvailable,GarageLocation,WasteCollection,Covenants,UpgradeInformation,UpgradeClosed,Marketingfeedback,LLSource,Yearbuilt,Yearbuilt2,Yearbuiltnotes,Remarket,Remarketnotes,Inventory,GardenInformation,OIC,OICName,OICDetails,Newproperty,Town,NewInt,NewExt,PicNotes,Picuser,Location1,Location2,Propname,Greendealnotes,Letter1,Letter2,Letter3,Letter4,GDDone,LLno,Noteligable,Measurements,VE,VEdate,VEBy,Appraisal,PetGuidance,LLInsure,NoPlan,Floors,Floorscheckedby,Floorscheckeddate,Ownerchecked,Ownercheckedby,Ownercheckeddate,Ownercheckeddetails,created_at,updated_at,deleted_at
0,1,1,5,1,0,0,,2,0,,0,0,0,,,0,0,,,0,DUDC19,,,0,0,,2,0,0,0,0,0,0,,,0,,0,2017-09-04 11:30:15,0,,0,30,1,0,0,,0,0,MERIAN1,1,,Int,0,0,19 Dudley Court,-,-,Cramlington,NE23 6QW,12,0,,,,,,,,,,,,1,,0,,,,,,,,,0,,0,900,1,130,1,25,1,75,0,0,0,3,0,,0,,20,2,0,1,1,0,0,0,3,1,1,0,0,,1,1,0,0,,1,2017-12-11 12:00:00,,,,,,,,,,,0,0,0,0,,0,0,1,,,0,,0,,,,0,,,,0,,,0,,0,,,,,,,,,0,0,0,,,,,,,,,,,,0,0,0,1,0,1,1,0,0,0,1,1,0,,,,,,,,,0,,0,0,0,,1,,,,0,0,,0,,0,0,,0,,,1,,0,0,0,0,0,0,0,0,0,,0,,,0,0,0,30,,0,0,,,2017-09-04 11:37:23,2017-09-04 11:37:23,
0,1,1,5,1,0,0,,2,0,,0,0,0,,,0,0,,,0,FELS47,,,0,0,,2,0,0,0,0,0,0,,,0,,0,2017-09-11 11:42:01,0,,0,30,1,0,0,,0,0,MONBOO1,0,ELLSUM,Int,0,0,47 Felix Lane,-,Ferry Rd,Short Heath,HU7 5XY,52,0,,,,,,,,,,,,1,,0,,,,,,,,,0,,0,700,1,130,1,25,1,75,0,0,0,3,0,,0,,20,1,0,1,0,1,0,0,3,1,1,0,0,,0,0,1,0,,0,2017-12-14 12:00:00,,,,,,,,,,,0,0,0,0,,0,0,1,,,0,,0,,,,0,,,,0,,,0,,0,,,,,,,,,0,0,0,,,,,,,,,,,,0,0,0,0,1,0,0,1,0,0,1,0,0,,,,,,,,,0,,0,0,0,,1,,,,0,0,,0,,0,0,,0,,,1,,0,0,0,0,0,0,0,0,0,,0,,,0,0,0,30,,0,0,,,2017-09-11 11:43:08,2017-09-11 11:43:08,
0,1,1,5,1,0,0,,2,0,,0,0,0,,,0,0,,,0,MIDS68,,,0,0,,2,0,0,0,0,0,0,,,0,,0,2017-09-13 10:10:32,0,,0,30,1,0,0,,0,0,FAUDEA1,0,HARSTA,Int,0,0,68 Middle Hay View,-,-,Sheffield,S14 1QL,24,0,,,,,,,,,,,,1,,0,,,,,,,,,0,,0,850,1,130,1,25,1,75,0,0,0,3,0,,0,,20,3,0,1,1,0,0,0,3,1,0,0,0,,0,1,0,0,,0,2017-12-17 12:00:00,,,,,,,,,,,0,0,0,0,,0,0,1,,,0,,0,,,,0,,,,0,,,0,,0,,,,,,,,,0,0,0,,,,,,,,,,,,0,0,0,1,0,0,0,0,0,1,1,0,0,,,,,,,,,0,,0,0,0,,1,,,,0,0,,0,,0,0,,0,,,1,,0,0,0,0,0,0,0,0,0,,0,,,0,0,0,30,,0,0,,,2017-09-13 10:15:42,2017-09-13 10:15:42,
0,1,1,5,1,0,0,,2,0,,0,0,0,,,0,0,,,0,POOH12,,,0,0,,2,0,0,0,0,0,0,,,0,,0,2017-09-14 03:45:42,0,,0,30,1,0,0,,0,0,AKHPER1,0,EWAFOW,Int,0,0,12 Pools Brook Park,-,-,Hull,HU7 3GF,44,0,,,,,,,,,,,,1,,0,,,,,,,,,0,,0,850,1,130,1,25,1,75,0,0,0,3,0,,0,,20,1,0,1,0,0,0,0,3,1,1,0,0,,1,0,0,0,,0,2017-12-13 12:00:00,,,,,,,,,,,0,0,0,0,,0,0,1,,,0,,0,,,,0,,,,0,,,0,,0,,,,,,,,,0,0,0,,,,,,,,,,,,0,0,0,0,0,0,1,0,0,0,1,1,0,,,,,,,,,0,,0,0,0,,1,,,,0,0,,0,,0,0,,0,,,1,,0,0,0,0,0,0,0,0,0,,0,,,0,0,0,30,,0,0,,,2017-09-14 03:48:28,2017-09-14 03:48:28,
0,1,1,5,1,0,0,,2,0,,0,0,0,,,0,0,,,0,STJL29,,,0,0,,2,0,0,0,0,0,0,,,0,,0,2017-09-15 06:48:10,0,,0,30,1,0,0,,0,0,ARAPIE1,0,DECSTE,Int,0,0,29 St. John's Lane,-,-,London,EC1M 4NA,52,0,,,,,,,,,,,,1,,0,,,,,,,,,0,,0,950,1,130,1,25,1,75,0,0,0,3,0,,0,,20,3,0,1,1,0,0,0,3,1,1,0,0,,0,1,0,0,,0,2017-12-28 12:00:00,,,,,,,,,,,0,0,0,0,,0,0,1,,,0,,0,,,,0,,,,0,,,0,,0,,,,,,,,,0,0,0,,,,,,,,,,,,0,0,0,0,0,1,1,1,0,1,1,0,0,,,,,,,,,0,,0,0,0,,1,,,,0,0,,0,,0,0,,0,,,1,,0,0,0,0,0,0,0,0,0,,0,,,0,0,0,30,,0,0,,,2017-09-15 07:07:45,2017-09-15 07:07:45,
0,1,1,5,1,0,0,,2,0,,0,0,0,,,0,0,,,0,APAL3A,,,0,0,,2,0,0,0,0,0,0,,,0,,0,2017-09-15 10:54:03,0,,0,30,1,0,0,,0,0,SIMPET1,0,SKYCAM,Pro,0,0,Apartment 3a,-,Caroline St,Bridgend,CF31 1DN,25,0,,,,,,,,,,,,1,,0,,,,,,,,,0,,0,400,1,130,1,25,1,75,0,0,0,3,0,,0,,20,2,0,1,0,1,0,0,3,1,0,0,0,,1,0,1,0,,0,2017-11-20 12:00:00,,,,,,,,,,,0,0,0,0,,0,0,1,,,0,,0,,,,0,,,,0,,,0,,0,,,,,,,,,0,0,0,,,,,,,,,,,,0,0,0,0,1,0,0,0,0,0,1,0,0,,,,,,,,,0,,0,0,0,,1,,,,0,0,,0,,0,0,,0,,,1,,0,0,0,0,0,0,0,0,0,,0,,,0,0,0,30,,0,0,,,2017-09-15 10:58:18,2017-09-15 10:58:18,
0,1,1,5,1,0,0,,2,0,,0,0,0,,,0,0,,,0,HORBE8,,,0,0,,2,0,0,0,0,0,0,,,0,,0,2017-09-25 20:55:57,0,,0,30,1,0,0,,0,0,MCLNOE1,0,IMOARN,Int,0,0,17 Horniman Drive,-,-,London,SE23 3BJ,45,0,,,,,,,,,,,,1,,0,,,,,,,,,0,,0,1000,1,130,1,25,1,75,0,0,0,3,0,,0,,20,1,0,1,1,0,0,0,3,1,1,0,0,,0,0,0,0,,0,2017-11-21 12:00:00,,,,,,,,,,,0,0,0,0,,0,0,1,,,0,,0,,,,0,,,,0,,,0,,0,,,,,,,,,0,0,0,,,,,,,,,,,,0,0,0,1,0,1,1,0,0,0,1,0,0,,,,,,,,,0,,0,0,0,,1,,,,0,0,,0,,0,0,,0,,,1,,0,0,0,0,0,0,0,0,0,,0,,,0,0,0,30,,0,0,,,2017-09-25 12:58:39,2017-09-25 12:58:39,
0,1,1,5,1,0,0,,2,0,,0,0,0,,,0,0,,,0,UNIBE8,,,0,0,,2,0,0,0,0,0,0,,,0,,0,2017-09-27 12:51:08,0,,0,30,1,0,0,,0,0,ROBLEE1,0,,Int,0,0,Unit 8,Fenlake Rd,Industrial Estate,Bedford,MK42 0HB,53,0,,,,,,,,,,,,1,,0,,,,,,,,,0,,0,500,1,130,1,25,1,75,0,0,0,3,0,,0,,20,2,1,0,0,0,0,0,3,1,0,0,0,,1,0,1,0,,1,2017-11-22 12:00:00,,,,,,,,,,,0,0,0,0,,0,0,1,,,0,,0,,,,0,,,,0,,,0,,0,,,,,,,,,0,0,0,,,,,,,,,,,,0,0,0,0,0,0,0,0,0,0,1,0,0,,,,,,,,,0,,0,0,0,,1,,,,0,0,,0,,0,0,,0,,,1,,0,0,0,0,0,0,0,0,0,,0,,,0,0,0,30,,0,0,,,2017-09-27 06:42:31,2017-09-27 06:42:31,
0,1,1,5,1,0,0,,2,0,,0,0,0,,,0,0,,,0,BROS14,,,0,0,,2,0,0,0,0,0,0,,,0,,0,2017-09-27 14:42:53,0,,0,30,1,0,0,,0,0,CHENIC1,0,,Int,0,0,14 Broomfield Place,-,-,Stokesay,SY7 8PG,26,0,,,,,,,,,,,,1,,0,,,,,,,,,0,,0,2000,1,130,1,25,1,75,0,0,0,3,0,,0,,20,4,1,0,0,1,0,0,3,1,1,0,0,,0,1,1,0,,1,2017-11-23 12:00:00,,,,,,,,,,,0,0,0,0,,0,0,1,,,0,,0,,,,0,,,,0,,,0,,0,,,,,,,,,0,0,0,,,,,,,,,,,,0,0,0,0,2,1,1,0,0,1,1,0,0,,,,,,,,,0,,0,0,0,,1,,,,0,0,,0,,0,0,,0,,,1,,0,0,0,0,0,0,0,0,0,,0,,,0,0,0,30,,0,0,,,2017-09-27 06:46:48,2017-09-27 06:46:48,
0,1,1,5,1,0,0,,2,0,,0,0,0,,,0,0,,,0,UNIPO3,,,0,0,,2,0,0,0,0,0,0,,,0,,0,2017-09-28 12:57:35,0,,0,30,1,0,0,,0,0,FOUMAR1,0,,Int,0,0,Unit 3,Bracewell Avenue,Poulton Ind Est,Poulton-Le-Fylde,FY6 8JF,25,0,,,,,,,,,,,,1,,0,,,,,,,,,0,,0,600,1,130,1,25,1,75,0,0,0,3,0,,0,,20,3,0,0,1,0,0,0,3,1,1,0,0,,1,0,1,0,,1,2017-11-25 12:00:00,,,,,,,,,,,0,0,0,0,,0,0,1,,,0,,0,,,,0,,,,0,,,0,,0,,,,,,,,,0,0,0,,,,,,,,,,,,0,0,0,1,0,0,0,0,0,0,1,1,0,,,,,,,,,0,,0,0,0,,1,,,,0,0,,0,,0,0,,0,,,1,,0,0,0,0,0,0,0,0,0,,0,,,0,0,0,30,,0,0,,,2017-09-28 05:01:36,2017-09-28 05:01:36,
0,1,1,5,1,0,0,,2,0,,0,0,0,,,0,0,,,0,MARW13,,,0,0,,2,0,0,0,0,0,0,,,0,,0,2017-09-29 17:50:23,0,,0,30,1,0,0,,0,0,WHISCO1,0,,Int,0,0,13 Market Street,-,Hindley,Wigan,WN2 3AE,45,0,,,,,,,,,,,,1,,0,,,,,,,,,0,,0,550,1,130,1,25,1,75,0,0,0,3,0,,0,,20,2,1,0,0,0,0,0,3,1,1,0,0,,0,1,0,0,,1,2018-01-14 12:00:00,,,,,,,,,,,0,0,0,0,,0,0,1,,,0,,0,,,,0,,,,0,,,0,,0,,,,,,,,,0,0,0,,,,,,,,,,,,0,0,0,0,0,0,1,0,0,0,1,0,0,,,,,,,,,0,,0,0,0,,1,,,,0,0,,0,,0,0,,0,,,1,,0,0,0,0,0,0,0,0,0,,0,,,0,0,0,30,,0,0,,,2017-09-29 09:50:47,2017-09-29 09:50:47,
0,1,1,5,1,0,0,,2,0,,0,0,0,,,0,0,,,0,CHEST1,,,0,0,,2,0,0,0,0,0,0,,,0,,0,2017-09-29 17:50:56,0,,0,30,1,0,0,,0,0,ROOANI1,0,,Int,0,0,1 Cherry Tree Close,-,-,Stroud,GL6 0DX,53,0,,,,,,,,,,,,1,,0,,,,,,,,,0,,0,1300,1,130,1,25,1,75,0,0,0,3,0,,0,,20,3,1,1,1,1,0,0,3,1,0,0,0,,1,0,1,0,,1,2018-01-11 12:00:00,,,,,,,,,,,0,0,0,0,,0,0,1,,,0,,0,,,,0,,,,0,,,0,,0,,,,,,,,,0,0,0,,,,,,,,,,,,0,0,0,0,2,0,0,1,0,1,1,0,0,,,,,,,,,0,,0,0,0,,1,,,,0,0,,0,,0,0,,0,,,1,,0,0,0,0,0,0,0,0,0,,0,,,0,0,0,30,,0,0,,,2017-09-29 09:51:43,2017-09-29 09:51:43,
0,1,1,5,1,0,0,,2,0,,0,0,0,,,0,0,,,0,LON191,,,0,0,,2,0,0,0,0,0,0,,,0,,0,2017-09-29 18:03:02,0,,0,30,1,0,0,,0,0,TAULOU1,0,,Int,0,0,191 Longfield Lane,-,-,Waltham Cross,EN7 6AL,26,0,,,,,,,,,,,,1,,0,,,,,,,,,0,,0,550,1,130,1,25,1,75,0,0,0,3,0,,0,,20,1,0,1,1,0,0,0,3,1,1,0,0,,1,1,0,0,,1,2018-01-02 12:00:00,,,,,,,,,,,0,0,0,0,,0,0,1,,,0,,0,,,,0,,,,0,,,0,,0,,,,,,,,,0,0,0,,,,,,,,,,,,0,0,0,0,0,0,1,0,0,0,1,0,0,,,,,,,,,0,,0,0,0,,1,,,,0,0,,0,,0,0,,0,,,1,,0,0,0,0,0,0,0,0,0,,0,,,0,0,0,30,,0,0,,,2017-09-29 10:16:45,2017-09-29 10:16:45,
0,1,1,5,1,0,0,,2,0,,0,0,0,,,0,0,,,0,DEN135,,,0,0,,2,0,0,0,0,0,0,,,0,,0,2017-09-29 19:25:11,0,,0,30,1,0,0,,0,0,BUGBRU1,0,,Int,0,0,135 Den Lane,-,-,Oldham,OL4 4SG,46,0,,,,,,,,,,,,1,,0,,,,,,,,,0,,0,300,1,130,1,25,1,75,0,0,0,3,0,,0,,20,2,0,0,0,0,0,0,3,1,1,0,0,,0,0,0,0,,1,2018-01-04 12:00:00,,,,,,,,,,,0,0,0,0,,0,0,1,,,0,,0,,,,0,,,,0,,,0,,0,,,,,,,,,0,0,0,,,,,,,,,,,,0,0,0,0,0,0,0,0,0,0,1,0,0,,,,,,,,,0,,0,0,0,,1,,,,0,0,,0,,0,0,,0,,,1,,0,0,0,0,0,0,0,0,0,,0,,,0,0,0,30,,0,0,,,2017-09-29 11:26:45,2017-09-29 11:26:45,
0,1,1,5,1,0,0,,2,0,,0,0,0,,,0,0,,,0,ISLL54,,,0,0,,2,0,0,0,0,0,0,,,0,,0,2017-10-02 12:40:41,0,,0,30,1,0,0,,0,0,SHEFOR1,3,RUBWEL,Int,0,0,54 Islington,-,Park St,London,N1 1PX,54,0,,,,,,,,,,,,1,,0,,,,,,,,,0,,0,800,1,130,1,25,1,75,0,0,0,3,0,,0,,20,3,0,1,1,1,0,0,3,1,0,0,0,,0,0,0,0,,0,2018-01-10 12:00:00,,,,,,,,,,,0,0,0,0,,0,0,1,,,0,,0,,,,0,,,,0,,,0,,0,,,,,,,,,0,0,0,,,,,,,,,,,,0,0,0,0,3,1,1,0,0,0,1,0,0,,,,,,,,,0,,0,0,0,,1,,,,0,0,,0,,0,0,,0,,,1,,0,0,0,0,0,0,0,0,0,,0,,,0,0,0,30,,0,0,,,2017-10-02 04:41:16,2017-10-11 09:54:21,
0,1,1,5,1,0,0,,2,0,,0,0,0,,,0,0,,,0,SHAC63,,,0,0,,2,0,0,0,0,0,0,,,0,,0,2017-10-05 17:38:25,0,,0,30,1,0,0,,0,0,DOBNAT1,2,KYLSHE,Pro,0,0,63 Shannon Way,-,-,Chillington,TA19 3HD,27,0,,,,,,,,,,,,1,,0,,,,,,,,,0,,0,575,1,130,1,25,1,75,0,0,0,3,0,,0,,20,2,0,0,1,0,0,0,3,1,1,0,0,,0,1,1,0,,0,2018-02-11 12:00:00,,,,,,,,,,,0,0,0,0,,0,0,1,,,0,,0,,,,0,,,,0,,,0,,0,,,,,,,,,0,0,0,,,,,,,,,,,,0,0,0,1,0,0,0,1,0,0,1,0,0,,,,,,,,,0,,0,0,0,,1,,,,0,0,,0,,0,0,,0,,,1,,0,0,0,0,0,0,0,0,0,,0,,,0,0,0,30,,0,0,,,2017-10-05 09:44:43,2017-10-10 08:45:16,
0,1,1,5,1,0,0,,2,0,,0,0,0,,,0,0,,,0,NORB76,,,0,0,,2,0,0,0,0,0,0,,,0,,0,2017-10-06 17:29:47,0,,0,30,1,0,0,,0,0,HARSOP1,1,KIADOY,Int,0,0,76 Northgate Street,-,-,Bickenhall,TA3 6AD,26,0,,,,,,,,,,,,1,,0,,,,,,,,,0,,0,850,1,130,1,25,1,75,0,0,0,3,0,,0,,20,1,0,1,0,0,0,0,3,1,1,0,0,,1,0,0,0,,0,2018-02-14 12:00:00,,,,,,,,,,,0,0,0,0,,0,0,1,,,0,,0,,,,0,,,,0,,,0,,0,,,,,,,,,0,0,0,,,,,,,,,,,,0,0,0,0,0,0,0,1,0,1,1,0,0,,,,,,,,,0,,0,0,0,,1,,,,0,0,,0,,0,0,,0,,,1,,0,0,0,0,0,0,0,0,0,,0,,,0,0,0,30,,0,0,,,2017-10-06 10:00:43,2017-10-06 11:30:39,
0,1,1,5,1,0,0,,2,0,,0,0,0,,,0,0,,,0,COLR98,,,0,0,,2,0,0,0,0,0,0,,,0,,0,2017-10-10 14:47:58,0,,0,30,1,0,0,,0,0,KAYMOL1,0,,Int,0,0,98 Colorado Way,-,-,Richings Park,SL0 5ET,68,0,,,,,,,,,,,,1,,0,,,,,,,,,0,,0,325,1,130,1,25,1,75,0,0,0,3,0,,0,,20,1,0,1,1,1,0,0,3,1,0,0,0,,1,1,0,0,,1,2018-02-12 12:00:00,,,,,,,,,,,0,0,0,0,,0,0,1,,,0,,0,,,,0,,,,0,,,0,,0,,,,,,,,,0,0,0,,,,,,,,,,,,0,0,0,0,5,0,0,0,0,0,1,0,0,,,,,,,,,0,,0,0,0,,1,,,,0,0,,0,,0,0,,0,,,1,,0,0,0,0,0,0,0,0,0,,0,,,0,0,0,30,,0,0,,,2017-10-10 06:49:34,2017-10-10 06:49:34,
0,1,1,5,1,0,0,,2,0,,0,0,0,,,0,0,,,0,THOM96,,,0,0,,2,0,0,0,0,0,0,,,0,,0,2017-10-11 15:47:30,0,,0,30,1,0,0,,0,0,DOMDOH1,0,,Pro,0,0,96 Thompsons Lane,-,-,Memsie,AB43 6DQ,70,0,,,,,,,,,,,,1,,0,,,,,,,,,0,,0,400,1,130,1,25,1,75,0,0,0,3,0,,0,,20,2,1,0,0,0,0,0,3,1,1,0,0,,0,0,1,0,,1,2018-02-18 12:00:00,,,,,,,,,,,0,0,0,0,,0,0,1,,,0,,0,,,,0,,,,0,,,0,,0,,,,,,,,,0,0,0,,,,,,,,,,,,0,0,0,1,0,0,1,0,0,0,1,0,0,,,,,,,,,0,,0,0,0,,1,,,,0,0,,0,,0,0,,0,,,1,,0,0,0,0,0,0,0,0,0,,0,,,0,0,0,30,,0,0,,,2017-10-11 07:56:02,2017-10-11 07:56:02,
0,1,1,5,1,0,0,,2,0,,0,0,0,,,0,0,,,0,LAMGR1,,,0,0,,2,0,0,0,0,0,0,,,0,,0,2017-10-11 19:01:33,0,,0,30,1,0,0,,0,0,OWECRA1,0,,Int,0,0,Lammas Street,-,-,Grasmere,LA22 3SY,69,0,,,,,,,,,,,,1,,0,,,,,,,,,0,,0,1300,1,130,1,25,1,75,0,0,0,3,0,,0,,20,1,0,1,1,0,0,0,3,1,1,0,0,,1,0,0,0,,1,2018-02-21 12:00:00,,,,,,,,,,,0,0,0,0,,0,0,1,,,0,,0,,,,0,,,,0,,,0,,0,,,,,,,,,0,0,0,,,,,,,,,,,,0,0,0,0,0,1,1,0,0,0,1,1,0,,,,,,,,,0,,0,0,0,,1,,,,0,0,,0,,0,0,,0,,,1,,0,0,0,0,0,0,0,0,0,,0,,,0,0,0,30,,0,0,,,2017-10-11 11:04:05,2017-10-11 11:04:05,
0,1,1,5,1,0,0,,2,0,,0,0,0,,,0,0,,,0,LOTE14,,,0,0,,2,0,0,0,0,0,0,,,0,,0,2017-10-11 19:24:05,0,,0,30,1,0,0,,0,0,KATROB1,4,SPELEW,Int,0,0,Lot 14 Blk 12,Johnway,London,England,FK19 4DL,68,0,,,,,,,,,,,,1,,0,,,,,,,,,0,,0,1400,1,130,1,25,1,75,0,0,0,3,0,,0,,20,3,1,1,1,0,0,0,3,1,1,0,0,,1,1,0,0,,0,2018-04-22 12:00:00,,,,,,,,,,,0,0,0,0,,0,0,1,,,0,,0,,,,0,,,,0,,,0,,0,,,,,,,,,0,0,0,,,,,,,,,,,,0,0,0,0,0,0,0,0,0,1,1,0,0,,,,,,,,,0,,0,0,0,,1,,,,0,0,,0,,0,0,,0,,,1,,0,0,0,0,0,0,0,0,0,,0,,,0,0,0,30,,0,0,,,2017-10-11 12:01:10,2017-10-11 12:34:48,
0,1,1,5,1,0,0,,2,0,,0,0,0,,,0,0,,,0,PARE30,,,0,0,,2,0,0,0,0,0,0,,,0,,0,2017-10-11 14:10:08,0,,0,30,1,0,0,,0,0,ETHKEN1,0,,Int,0,0,30 Park Row,-,-,Edinample,YO25 6PT,69,0,,,,,,,,,,,,1,,0,,,,,,,,,0,,0,1500,1,130,1,25,1,75,0,0,0,3,0,,0,,20,2,0,1,0,1,0,0,3,1,0,0,0,,0,0,0,0,,1,2018-03-13 12:00:00,,,,,,,,,,,0,0,0,0,,0,0,1,,,0,,0,,,,0,,,,0,,,0,,0,,,,,,,,,0,0,0,,,,,,,,,,,,0,0,0,0,4,0,0,1,0,0,1,0,0,,,,,,,,,0,,0,0,0,,1,,,,0,0,,0,,0,0,,0,,,1,,0,0,0,0,0,0,0,0,0,,0,,,0,0,0,30,,0,0,,,2017-10-11 13:23:14,2017-10-11 13:23:14,
0,1,1,5,1,0,0,,2,0,,0,0,0,,,0,0,,,0,FIRR11,,,0,0,,2,0,0,0,0,0,0,,,0,,0,2017-09-04 11:30:16,0,,0,30,1,0,0,,0,0,,0,,Int,0,0,11-21 Firle Road,Lancing,Lancing,West Sussex,BN15,13,0,,,,,,,,,,,,1,,0,,,,,,,,,0,,0,1600,1,130,1,25,1,75,0,0,0,3,0,,0,,20,3,0,1,1,1,0,0,3,1,1,0,0,,1,1,0,0,,1,2017-12-11 12:00:00,,,,,,,,,,,0,0,0,0,,0,0,1,,,0,,0,,,,0,,,,0,,,0,,0,,,,,,,,,0,0,0,,,,,,,,,,,,0,0,0,0,1,1,1,0,0,0,1,1,0,,,,,,,,,0,,0,0,0,,1,,,,0,0,,0,,0,0,,0,,,1,,0,0,0,0,0,0,0,0,0,,0,,,0,0,0,30,,0,0,,,2017-09-04 11:37:24,2017-09-04 11:37:24,
0,1,1,5,1,0,0,,2,0,,0,0,0,,,0,0,,,0,GORVI1,,,0,0,,2,0,0,0,0,0,0,,,0,,0,2017-09-11 11:42:02,0,,0,30,1,0,0,,0,0,,0,,Int,0,0,1 Goronwy View,,Brynteg,Isle of Anglesey,LL78 8JG,53,0,,,,,,,,,,,,1,,0,,,,,,,,,0,,0,1700,1,130,1,25,1,75,0,0,0,3,0,,0,,20,2,0,1,1,1,0,0,3,1,1,0,0,,0,0,1,0,,0,2017-12-14 12:00:00,,,,,,,,,,,0,0,0,0,,0,0,1,,,0,,0,,,,0,,,,0,,,0,,0,,,,,,,,,0,0,0,,,,,,,,,,,,0,0,0,0,2,0,0,1,0,0,1,0,0,,,,,,,,,0,,0,0,0,,1,,,,0,0,,0,,0,0,,0,,,1,,0,0,0,0,0,0,0,0,0,,0,,,0,0,0,30,,0,0,,,2017-09-11 11:43:09,2017-09-11 11:43:09,
0,1,1,5,1,0,0,,2,0,,0,0,0,,,0,0,,,0,COLS28,,,0,0,,2,0,0,0,0,0,0,,,0,,0,2017-09-13 10:10:33,0,,0,30,1,0,0,,0,0,,0,,Int,0,0,28 College Street,Wellingborough,Wellingborough,Northamptonshire,NN8 3HF,25,0,,,,,,,,,,,,1,,0,,,,,,,,,0,,0,1800,1,130,1,25,1,75,0,0,0,3,0,,0,,20,3,0,1,1,1,0,0,3,1,0,0,0,,0,1,0,0,,0,2017-12-17 12:00:00,,,,,,,,,,,0,0,0,0,,0,0,1,,,0,,0,,,,0,,,,0,,,0,,0,,,,,,,,,0,0,0,,,,,,,,,,,,0,0,0,0,1,0,0,1,0,1,1,0,0,,,,,,,,,0,,0,0,0,,1,,,,0,0,,0,,0,0,,0,,,1,,0,0,0,0,0,0,0,0,0,,0,,,0,0,0,30,,0,0,,,2017-09-13 10:15:43,2017-09-13 10:15:43,
0,1,1,5,1,0,0,,2,0,,0,0,0,,,0,0,,,0,LOVLAN,,,0,0,,2,0,0,0,0,0,0,,,0,,0,2017-09-14 03:45:43,0,,0,30,1,0,0,,0,0,,0,,Pro,0,0,Love Lane,Colyton,Colyton,Devon,EX24,45,0,,,,,,,,,,,,1,,0,,,,,,,,,0,,0,300,1,130,1,25,1,75,0,0,0,3,0,,0,,20,2,0,1,0,1,0,0,3,1,1,0,0,,1,0,0,0,,0,2017-12-13 12:00:00,,,,,,,,,,,0,0,0,0,,0,0,1,,,0,,0,,,,0,,,,0,,,0,,0,,,,,,,,,0,0,0,,,,,,,,,,,,0,0,0,0,1,0,1,0,0,0,1,1,0,,,,,,,,,0,,0,0,0,,1,,,,0,0,,0,,0,0,,0,,,1,,0,0,0,0,0,0,0,0,0,,0,,,0,0,0,30,,0,0,,,2017-09-14 03:48:29,2017-09-14 03:48:29,
0,1,1,5,1,0,0,,2,0,,0,0,0,,,0,0,,,0,DENW10,,,0,0,,2,0,0,0,0,0,0,,,0,,0,2017-09-15 06:48:11,0,,0,30,1,0,0,,0,0,,0,,Int,0,0,10 Denham Wood Close,Chorley,Chorley,Lancashire,PR7 2WA,53,0,,,,,,,,,,,,1,,0,,,,,,,,,0,,0,800,1,130,1,25,1,75,0,0,0,3,0,,0,,20,4,0,1,1,0,0,0,3,1,1,0,0,,0,1,0,0,,0,2017-12-28 12:00:00,,,,,,,,,,,0,0,0,0,,0,0,1,,,0,,0,,,,0,,,,0,,,0,,0,,,,,,,,,0,0,0,,,,,,,,,,,,0,0,0,1,1,1,1,0,0,1,1,0,0,,,,,,,,,0,,0,0,0,,1,,,,0,0,,0,,0,0,,0,,,1,,0,0,0,0,0,0,0,0,0,,0,,,0,0,0,30,,0,0,,,2017-09-15 07:07:46,2017-09-15 07:07:46,
0,1,1,5,1,0,0,,2,0,,0,0,0,,,0,0,,,0,BLUG82,,,0,0,,2,0,0,0,0,0,0,,,0,,0,2017-09-15 10:54:04,0,,0,30,1,0,0,,0,0,,0,,Int,0,0,82 Blughasary,,Ullapool,Highland,IV26 2TW,64,0,,,,,,,,,,,,1,,0,,,,,,,,,0,,0,550,1,130,1,25,1,75,0,0,0,3,0,,0,,20,2,0,1,1,0,0,0,3,1,0,0,0,,1,0,1,0,,0,2017-11-20 12:00:00,,,,,,,,,,,0,0,0,0,,0,0,1,,,0,,0,,,,0,,,,0,,,0,,0,,,,,,,,,0,0,0,,,,,,,,,,,,0,0,0,1,2,0,0,1,0,0,1,0,0,,,,,,,,,0,,0,0,0,,1,,,,0,0,,0,,0,0,,0,,,1,,0,0,0,0,0,0,0,0,0,,0,,,0,0,0,30,,0,0,,,2017-09-15 10:58:19,2017-09-15 10:58:19,
0,1,1,5,1,0,0,,2,0,,0,0,0,,,0,0,,,0,HIG201,,,0,0,,2,0,0,0,0,0,0,,,0,,0,2017-09-25 20:55:58,0,,0,30,1,0,0,,0,0,,0,,Int,0,0,201 High Street,Crowthorne,Crowthorne,Bracknell Forest,RG45 7AQ,53,0,,,,,,,,,,,,1,,0,,,,,,,,,0,,0,1300,1,130,1,25,1,75,0,0,0,3,0,,0,,20,4,0,1,0,0,0,0,3,1,1,0,0,,0,0,0,0,,0,2017-11-21 12:00:00,,,,,,,,,,,0,0,0,0,,0,0,1,,,0,,0,,,,0,,,,0,,,0,,0,,,,,,,,,0,0,0,,,,,,,,,,,,0,0,0,1,1,1,1,0,0,0,1,0,0,,,,,,,,,0,,0,0,0,,1,,,,0,0,,0,,0,0,,0,,,1,,0,0,0,0,0,0,0,0,0,,0,,,0,0,0,30,,0,0,,,2017-09-25 12:58:40,2017-09-25 12:58:40,
0,1,1,5,1,0,0,,2,0,,0,0,0,,,0,0,,,0,RANA38,,,0,0,,2,0,0,0,0,0,0,,,0,,0,2017-09-27 12:51:09,0,,0,30,1,0,0,,0,0,,0,,Int,0,0,38 Randolph Avenue,London,London,Greater London,W9 1BE,53,0,,,,,,,,,,,,1,,0,,,,,,,,,0,,0,550,1,130,1,25,1,75,0,0,0,3,0,,0,,20,3,1,0,1,1,0,0,3,1,0,0,0,,1,0,1,0,,1,2017-11-22 12:00:00,,,,,,,,,,,0,0,0,0,,0,0,1,,,0,,0,,,,0,,,,0,,,0,,0,,,,,,,,,0,0,0,,,,,,,,,,,,0,0,0,0,1,0,0,1,0,0,1,0,0,,,,,,,,,0,,0,0,0,,1,,,,0,0,,0,,0,0,,0,,,1,,0,0,0,0,0,0,0,0,0,,0,,,0,0,0,30,,0,0,,,2017-09-27 06:42:32,2017-09-27 06:42:32,
0,1,1,5,1,0,0,,2,0,,0,0,0,,,0,0,,,0,BIRLAN,,,0,0,,2,0,0,0,0,0,0,,,0,,0,2017-09-27 14:42:54,0,,0,30,1,0,0,,0,0,,0,,Int,0,0,Birkwith Lane,,Lancaster,North Yorkshire,LA2 7DG,69,0,,,,,,,,,,,,1,,0,,,,,,,,,0,,0,300,1,130,1,25,1,75,0,0,0,3,0,,0,,20,2,1,0,0,0,0,0,3,1,1,0,0,,0,1,1,0,,1,2017-11-23 12:00:00,,,,,,,,,,,0,0,0,0,,0,0,1,,,0,,0,,,,0,,,,0,,,0,,0,,,,,,,,,0,0,0,,,,,,,,,,,,0,0,0,1,3,1,1,0,0,1,1,0,0,,,,,,,,,0,,0,0,0,,1,,,,0,0,,0,,0,0,,0,,,1,,0,0,0,0,0,0,0,0,0,,0,,,0,0,0,30,,0,0,,,2017-09-27 06:46:49,2017-09-27 06:46:49,
0,1,1,5,1,0,0,,2,0,,0,0,0,,,0,0,,,0,NEWSC3,,,0,0,,2,0,0,0,0,0,0,,,0,,0,2017-09-28 12:57:36,0,,0,30,1,0,0,,0,0,,0,,Pro,0,0,3 New Scott Street,Langwith,Mansfield,Derbyshire,NG20,71,0,,,,,,,,,,,,1,,0,,,,,,,,,0,,0,800,1,130,1,25,1,75,0,0,0,3,0,,0,,20,3,0,1,0,0,0,0,3,1,1,0,0,,1,0,1,0,,1,2017-11-25 12:00:00,,,,,,,,,,,0,0,0,0,,0,0,1,,,0,,0,,,,0,,,,0,,,0,,0,,,,,,,,,0,0,0,,,,,,,,,,,,0,0,0,1,1,0,0,1,0,0,1,1,0,,,,,,,,,0,,0,0,0,,1,,,,0,0,,0,,0,0,,0,,,1,,0,0,0,0,0,0,0,0,0,,0,,,0,0,0,30,,0,0,,,2017-09-28 05:01:37,2017-09-28 05:01:37,
0,1,1,5,1,0,0,,2,0,,0,0,0,,,0,0,,,0,MILL50,,,0,0,,2,0,0,0,0,0,0,,,0,,0,2017-09-29 17:50:24,0,,0,30,1,0,0,,0,0,,0,,Int,0,0,50 Mill Lane,Brockworth,Gloucester,Gloucestershire,GL3 4QD,70,0,,,,,,,,,,,,1,,0,,,,,,,,,0,,0,575,1,130,1,25,1,75,0,0,0,3,0,,0,,20,5,1,0,0,1,0,0,3,1,1,0,0,,0,1,0,0,,1,2018-01-14 12:00:00,,,,,,,,,,,0,0,0,0,,0,0,1,,,0,,0,,,,0,,,,0,,,0,,0,,,,,,,,,0,0,0,,,,,,,,,,,,0,0,0,0,1,0,1,0,0,0,1,0,0,,,,,,,,,0,,0,0,0,,1,,,,0,0,,0,,0,0,,0,,,1,,0,0,0,0,0,0,0,0,0,,0,,,0,0,0,30,,0,0,,,2017-09-29 09:50:48,2017-09-29 09:50:48,
0,1,1,5,1,0,0,,2,0,,0,0,0,,,0,0,,,0,NEWR23,,,0,0,,2,0,0,0,0,0,0,,,0,,0,2017-09-29 17:50:57,0,,0,30,1,0,0,,0,0,,0,,Int,0,0,23 New Road,Mitcham,Mitcham,Greater London,CR4 4JN,69,0,,,,,,,,,,,,1,,0,,,,,,,,,0,,0,850,1,130,1,25,1,75,0,0,0,3,0,,0,,20,4,1,0,0,0,0,0,3,1,0,0,0,,1,0,1,0,,1,2018-01-11 12:00:00,,,,,,,,,,,0,0,0,0,,0,0,1,,,0,,0,,,,0,,,,0,,,0,,0,,,,,,,,,0,0,0,,,,,,,,,,,,0,0,0,1,3,0,0,1,0,1,1,0,0,,,,,,,,,0,,0,0,0,,1,,,,0,0,,0,,0,0,,0,,,1,,0,0,0,0,0,0,0,0,0,,0,,,0,0,0,30,,0,0,,,2017-09-29 09:51:44,2017-09-29 09:51:44,
0,1,1,5,1,0,0,,2,0,,0,0,0,,,0,0,,,0,THOS16,,,0,0,,2,0,0,0,0,0,0,,,0,,0,2017-09-29 18:03:03,0,,0,30,1,0,0,,0,0,,0,,Int,0,0,16 Thornton Street,Bootle,Liverpool,Merseyside,L21 8PG,70,0,,,,,,,,,,,,1,,0,,,,,,,,,0,,0,325,1,130,1,25,1,75,0,0,0,3,0,,0,,20,3,0,1,0,0,0,0,3,1,1,0,0,,1,1,0,0,,1,2018-01-02 12:00:00,,,,,,,,,,,0,0,0,0,,0,0,1,,,0,,0,,,,0,,,,0,,,0,,0,,,,,,,,,0,0,0,,,,,,,,,,,,0,0,0,1,1,0,1,0,0,0,1,0,0,,,,,,,,,0,,0,0,0,,1,,,,0,0,,0,,0,0,,0,,,1,,0,0,0,0,0,0,0,0,0,,0,,,0,0,0,30,,0,0,,,2017-09-29 10:16:46,2017-09-29 10:16:46,
0,1,1,5,1,0,0,,2,0,,0,0,0,,,0,0,,,0,HOLR21,,,0,0,,2,0,0,0,0,0,0,,,0,,0,2017-09-29 19:25:12,0,,0,30,1,0,0,,0,0,,0,,Int,0,0,21 Holloway Road,London,London,Greater London,N5 1RA,14,0,,,,,,,,,,,,1,,0,,,,,,,,,0,,0,400,1,130,1,25,1,75,0,0,0,3,0,,0,,20,4,0,1,0,0,0,0,3,1,1,0,0,,0,0,0,0,,1,2018-01-04 12:00:00,,,,,,,,,,,0,0,0,0,,0,0,1,,,0,,0,,,,0,,,,0,,,0,,0,,,,,,,,,0,0,0,,,,,,,,,,,,0,0,0,1,1,0,0,1,0,0,1,0,0,,,,,,,,,0,,0,0,0,,1,,,,0,0,,0,,0,0,,0,,,1,,0,0,0,0,0,0,0,0,0,,0,,,0,0,0,30,,0,0,,,2017-09-29 11:26:46,2017-09-29 11:26:46,
0,1,1,5,1,0,0,,2,0,,0,0,0,,,0,0,,,0,FLEC23,,,0,0,,2,0,0,0,0,0,0,,,0,,0,2017-10-02 12:40:42,0,,0,30,1,0,0,,0,0,,0,,Int,0,0,23 Fletcher Close,Hessle,Hessle,East Riding of Yorkshire,HU13 9LD,54,0,,,,,,,,,,,,1,,0,,,,,,,,,0,,0,1300,1,130,1,25,1,75,0,0,0,3,0,,0,,20,2,0,1,0,0,0,0,3,1,0,0,0,,0,0,0,0,,0,2018-01-10 12:00:00,,,,,,,,,,,0,0,0,0,,0,0,1,,,0,,0,,,,0,,,,0,,,0,,0,,,,,,,,,0,0,0,,,,,,,,,,,,0,0,0,1,2,1,1,0,0,0,1,0,0,,,,,,,,,0,,0,0,0,,1,,,,0,0,,0,,0,0,,0,,,1,,0,0,0,0,0,0,0,0,0,,0,,,0,0,0,30,,0,0,,,2017-10-02 04:41:17,2017-10-11 09:54:22,
0,1,1,5,1,0,0,,2,0,,0,0,0,,,0,0,,,0,GORL18,,,0,0,,2,0,0,0,0,0,0,,,0,,0,2017-10-05 17:38:26,0,,0,30,1,0,0,,0,0,,0,,Int,0,0,18 Gores Lane,Formby,Liverpool,Merseyside,L37 3NY,26,0,,,,,,,,,,,,1,,0,,,,,,,,,0,,0,1400,1,130,1,25,1,75,0,0,0,3,0,,0,,20,3,0,1,1,0,0,0,3,1,1,0,0,,0,1,1,0,,0,2018-02-11 12:00:00,,,,,,,,,,,0,0,0,0,,0,0,1,,,0,,0,,,,0,,,,0,,,0,,0,,,,,,,,,0,0,0,,,,,,,,,,,,0,0,0,1,1,0,0,1,0,0,1,0,0,,,,,,,,,0,,0,0,0,,1,,,,0,0,,0,,0,0,,0,,,1,,0,0,0,0,0,0,0,0,0,,0,,,0,0,0,30,,0,0,,,2017-10-05 09:44:44,2017-10-10 08:45:17,
0,1,1,5,1,0,0,,2,0,,0,0,0,,,0,0,,,0,THELA2,,,0,0,,2,0,0,0,0,0,0,,,0,,0,2017-10-06 17:29:48,0,,0,30,1,0,0,,0,0,,0,,Int,0,0,2 The Lane,Bridge of Tilt,Pitlochry,Perth and Kinross,PH18 5TF,46,0,,,,,,,,,,,,1,,0,,,,,,,,,0,,0,1500,1,130,1,25,1,75,0,0,0,3,0,,0,,20,4,0,1,1,1,0,0,3,1,1,0,0,,1,0,0,0,,0,2018-02-14 12:00:00,,,,,,,,,,,0,0,0,0,,0,0,1,,,0,,0,,,,0,,,,0,,,0,,0,,,,,,,,,0,0,0,,,,,,,,,,,,0,0,0,0,1,0,0,1,0,1,1,0,0,,,,,,,,,0,,0,0,0,,1,,,,0,0,,0,,0,0,,0,,,1,,0,0,0,0,0,0,0,0,0,,0,,,0,0,0,30,,0,0,,,2017-10-06 10:00:44,2017-10-06 11:30:40,
0,1,1,5,1,0,0,,2,0,,0,0,0,,,0,0,,,0,TANG18,,,0,0,,2,0,0,0,0,0,0,,,0,,0,2017-10-10 14:47:59,0,,0,30,1,0,0,,0,0,,0,,Pro,0,0,18 Tanglewood,Leeds,Leeds,West Yorkshire,LS11 5DX,13,0,,,,,,,,,,,,1,,0,,,,,,,,,0,,0,1800,1,130,1,25,1,75,0,0,0,3,0,,0,,20,3,0,1,1,0,0,0,3,1,0,0,0,,1,1,0,0,,1,2018-02-12 12:00:00,,,,,,,,,,,0,0,0,0,,0,0,1,,,0,,0,,,,0,,,,0,,,0,,0,,,,,,,,,0,0,0,,,,,,,,,,,,0,0,0,1,1,0,0,1,0,0,1,0,0,,,,,,,,,0,,0,0,0,,1,,,,0,0,,0,,0,0,,0,,,1,,0,0,0,0,0,0,0,0,0,,0,,,0,0,0,30,,0,0,,,2017-10-10 06:49:35,2017-10-10 06:49:35,
0,1,1,5,1,0,0,,2,0,,0,0,0,,,0,0,,,0,WINWAY,,,0,0,,2,0,0,0,0,0,0,,,0,,0,2017-10-11 15:47:31,0,,0,30,1,0,0,,0,0,,0,,Int,0,0,Winsford Way,Chelmsford,Chelmsford,Essex,CM2,53,0,,,,,,,,,,,,1,,0,,,,,,,,,0,,0,300,1,130,1,25,1,75,0,0,0,3,0,,0,,20,3,1,0,1,1,0,0,3,1,1,0,0,,0,0,1,0,,1,2018-02-18 12:00:00,,,,,,,,,,,0,0,0,0,,0,0,1,,,0,,0,,,,0,,,,0,,,0,,0,,,,,,,,,0,0,0,,,,,,,,,,,,0,0,0,0,2,0,1,0,0,0,1,0,0,,,,,,,,,0,,0,0,0,,1,,,,0,0,,0,,0,0,,0,,,1,,0,0,0,0,0,0,0,0,0,,0,,,0,0,0,30,,0,0,,,2017-10-11 07:56:03,2017-10-11 07:56:03,
0,1,1,5,1,0,0,,2,0,,0,0,0,,,0,0,,,0,B41023,,,0,0,,2,0,0,0,0,0,0,,,0,,0,2017-10-11 19:01:34,0,,0,30,1,0,0,,0,0,,0,,Int,0,0,23-29 B4101,Hockley Heath,Solihull,West Midlands,B94 6NZ,25,0,,,,,,,,,,,,1,,0,,,,,,,,,0,,0,800,1,130,1,25,1,75,0,0,0,3,0,,0,,20,2,0,1,1,0,0,0,3,1,1,0,0,,1,0,0,0,,1,2018-02-21 12:00:00,,,,,,,,,,,0,0,0,0,,0,0,1,,,0,,0,,,,0,,,,0,,,0,,0,,,,,,,,,0,0,0,,,,,,,,,,,,0,0,0,1,1,1,1,0,0,0,1,1,0,,,,,,,,,0,,0,0,0,,1,,,,0,0,,0,,0,0,,0,,,1,,0,0,0,0,0,0,0,0,0,,0,,,0,0,0,30,,0,0,,,2017-10-11 11:04:06,2017-10-11 11:04:06,
0,1,1,5,1,0,0,,2,0,,0,0,0,,,0,0,,,0,LAFF37,,,0,0,,2,0,0,0,0,0,0,,,0,,0,2017-10-11 19:24:06,0,,0,30,1,0,0,,0,0,,0,,Int,0,0,37 Laflouder Fields,Mullion,Helston,Cornwall,TR12 7EJ,45,0,,,,,,,,,,,,1,,0,,,,,,,,,0,,0,550,1,130,1,25,1,75,0,0,0,3,0,,0,,20,4,1,0,0,0,0,0,3,1,1,0,0,,1,1,0,0,,0,2018-04-22 12:00:00,,,,,,,,,,,0,0,0,0,,0,0,1,,,0,,0,,,,0,,,,0,,,0,,0,,,,,,,,,0,0,0,,,,,,,,,,,,0,0,0,1,1,0,0,1,0,1,1,0,0,,,,,,,,,0,,0,0,0,,1,,,,0,0,,0,,0,0,,0,,,1,,0,0,0,0,0,0,0,0,0,,0,,,0,0,0,30,,0,0,,,2017-10-11 12:01:11,2017-10-11 12:34:49,
0,1,1,5,1,0,0,,2,0,,0,0,0,,,0,0,,,0,PRI47A,,,0,0,,2,0,0,0,0,0,0,,,0,,0,2017-10-11 14:10:09,0,,0,30,1,0,0,,0,0,,0,,Int,0,0,47A Priests Lane,Brentwood,Brentwood,Essex,CM15 8BX,53,0,,,,,,,,,,,,1,,0,,,,,,,,,0,,0,1300,1,130,1,25,1,75,0,0,0,3,0,,0,,20,2,0,1,0,0,0,0,3,1,0,0,0,,0,0,0,0,,1,2018-03-13 12:00:00,,,,,,,,,,,0,0,0,0,,0,0,1,,,0,,0,,,,0,,,,0,,,0,,0,,,,,,,,,0,0,0,,,,,,,,,,,,0,0,0,1,3,0,0,1,0,0,1,0,0,,,,,,,,,0,,0,0,0,,1,,,,0,0,,0,,0,0,,0,,,1,,0,0,0,0,0,0,0,0,0,,0,,,0,0,0,30,,0,0,,,2017-10-11 13:23:15,2017-10-11 13:23:15,
0,1,1,5,1,0,0,,2,0,,0,0,0,,,0,0,,,0,LIN196,,,0,0,,2,0,0,0,0,0,0,,,0,,0,2017-09-04 11:30:17,0,,0,30,1,0,0,,0,0,,0,,Int,0,0,196 Lincoln Avenue,Twickenham,Twickenham,Greater London,TW2 6NW,64,0,,,,,,,,,,,,1,,0,,,,,,,,,0,,0,550,1,130,1,25,1,75,0,0,0,3,0,,0,,20,4,0,1,0,1,0,0,3,1,1,0,0,,0,1,0,0,,1,2018-01-10 12:00:00,,,,,,,,,,,0,0,0,0,,0,0,1,,,0,,0,,,,0,,,,0,,,0,,0,,,,,,,,,0,0,0,,,,,,,,,,,,0,0,0,0,1,0,0,1,0,0,1,1,0,,,,,,,,,0,,0,0,0,,1,,,,0,0,,0,,0,0,,0,,,1,,0,0,0,0,0,0,0,0,0,,0,,,0,0,0,30,,0,0,,,2017-09-04 11:37:25,2017-09-04 11:37:25,
0,1,1,5,1,0,0,,2,0,,0,0,0,,,0,0,,,0,DENA11,,,0,0,,2,0,0,0,0,0,0,,,0,,0,2017-09-11 11:42:03,0,,0,30,1,0,0,,0,0,,0,,Int,0,0,11 Denhale Avenue,Wakefield,Wakefield,West Yorkshire,WF2 9EF,53,0,,,,,,,,,,,,1,,0,,,,,,,,,0,,0,300,1,130,1,25,1,75,0,0,0,3,0,,0,,20,3,1,0,1,0,0,0,3,1,1,0,0,,1,0,1,0,,0,2018-02-11 12:00:00,,,,,,,,,,,0,0,0,0,,0,0,1,,,0,,0,,,,0,,,,0,,,0,,0,,,,,,,,,0,0,0,,,,,,,,,,,,0,0,0,1,1,0,1,0,0,1,1,0,0,,,,,,,,,0,,0,0,0,,1,,,,0,0,,0,,0,0,,0,,,1,,0,0,0,0,0,0,0,0,0,,0,,,0,0,0,30,,0,0,,,2017-09-04 11:37:24,2017-09-04 11:37:24,
0,1,1,5,1,0,0,,2,0,,0,0,0,,,0,0,,,0,WHIHOR,,,0,0,,2,0,0,0,0,0,0,,,0,,0,2017-09-13 10:10:34,0,,0,30,1,0,0,,0,0,,0,,Int,0,0,White Horse Lane,,Canterbury,Kent,CT4 6XP,53,0,,,,,,,,,,,,1,,0,,,,,,,,,0,,0,800,1,130,1,25,1,75,0,0,0,3,0,,0,,20,2,1,0,0,0,0,0,3,1,0,0,0,,1,1,0,0,,0,2018-02-14 12:00:00,,,,,,,,,,,0,0,0,0,,0,0,1,,,0,,0,,,,0,,,,0,,,0,,0,,,,,,,,,0,0,0,,,,,,,,,,,,0,0,0,1,3,0,0,1,0,0,1,0,0,,,,,,,,,0,,0,0,0,,1,,,,0,0,,0,,0,0,,0,,,1,,0,0,0,0,0,0,0,0,0,,0,,,0,0,0,30,,0,0,,,2017-09-11 11:43:09,2017-09-11 11:43:09,
0,1,1,5,1,0,0,,2,0,,0,0,0,,,0,0,,,0,WOOST8,,,0,0,,2,0,0,0,0,0,0,,,0,,0,2017-09-04 11:30:16,0,,0,30,1,0,0,,0,0,,0,,Int,0,0,8 Wood Street,Garston,Liverpool,Merseyside,L19 2LU,53,0,,,,,,,,,,,,1,,0,,,,,,,,,0,,0,575,1,130,1,25,1,75,0,0,0,3,0,,0,,20,3,0,1,0,1,0,0,3,1,1,0,0,,0,0,0,0,,0,2018-02-12 12:00:00,,,,,,,,,,,0,0,0,0,,0,0,1,,,0,,0,,,,0,,,,0,,,0,,0,,,,,,,,,0,0,0,,,,,,,,,,,,0,0,0,0,1,1,1,0,0,1,1,1,0,,,,,,,,,0,,0,0,0,,1,,,,0,0,,0,,0,0,,0,,,1,,0,0,0,0,0,0,0,0,0,,0,,,0,0,0,30,,0,0,,,2017-09-13 10:15:43,2017-09-13 10:15:43,
0,1,1,5,1,0,0,,2,0,,0,0,0,,,0,0,,,0,OMEAV1,,,0,0,,2,0,0,0,0,0,0,,,0,,0,2017-09-11 11:42:02,0,,0,30,1,0,0,,0,0,,0,,Int,0,0,1 Omer Avenue,Manchester,Manchester,Greater Manchester,M13 0UP,26,0,,,,,,,,,,,,1,,0,,,,,,,,,0,,0,850,1,130,1,25,1,75,0,0,0,3,0,,0,,20,1,0,1,1,1,0,0,3,1,1,0,0,,0,0,0,0,,0,2018-02-18 12:00:00,,,,,,,,,,,0,0,0,0,,0,0,1,,,0,,0,,,,0,,,,0,,,0,,0,,,,,,,,,0,0,0,,,,,,,,,,,,0,0,0,0,1,0,0,1,0,0,1,0,0,,,,,,,,,0,,0,0,0,,1,,,,0,0,,0,,0,0,,0,,,1,,0,0,0,0,0,0,0,0,0,,0,,,0,0,0,30,,0,0,,,2017-09-14 03:48:29,2017-09-14 03:48:29,
0,1,1,5,1,0,0,,2,0,,0,0,0,,,0,0,,,0,GARROA,,,0,0,,2,0,0,0,0,0,0,,,0,,0,2017-09-13 10:10:33,0,,0,30,1,0,0,,0,0,,0,,Int,0,0,Grange Road,,Saffron Walden,Cambridgeshire,CB10 1TA,46,0,,,,,,,,,,,,1,,0,,,,,,,,,0,,0,325,1,130,1,25,1,75,0,0,0,3,0,,0,,20,4,0,1,0,0,0,0,3,1,0,0,0,,0,1,1,0,,0,2018-02-21 12:00:00,,,,,,,,,,,0,0,0,0,,0,0,1,,,0,,0,,,,0,,,,0,,,0,,0,,,,,,,,,0,0,0,,,,,,,,,,,,0,0,0,1,4,0,0,1,0,0,1,0,0,,,,,,,,,0,,0,0,0,,1,,,,0,0,,0,,0,0,,0,,,1,,0,0,0,0,0,0,0,0,0,,0,,,0,0,0,30,,0,0,,,2017-09-15 07:07:46,2017-09-15 07:07:46,
0,1,1,5,1,0,0,,2,0,,0,0,0,,,0,0,,,0,MEA172,,,0,0,,2,0,0,0,0,0,0,,,0,,0,2017-09-14 03:45:43,0,,0,30,1,0,0,,0,0,,0,,Pro,0,0,172 Meadow Bank Road,Rotherham,Rotherham,South Yorkshire,S61 2NF,54,0,,,,,,,,,,,,1,,0,,,,,,,,,0,,0,400,1,130,1,25,1,75,0,0,0,3,0,,0,,20,3,0,1,0,1,0,0,3,1,1,0,0,,1,0,0,0,,0,2018-04-22 12:00:00,,,,,,,,,,,0,0,0,0,,0,0,1,,,0,,0,,,,0,,,,0,,,0,,0,,,,,,,,,0,0,0,,,,,,,,,,,,0,0,0,0,1,0,0,1,0,0,1,0,0,,,,,,,,,0,,0,0,0,,1,,,,0,0,,0,,0,0,,0,,,1,,0,0,0,0,0,0,0,0,0,,0,,,0,0,0,30,,0,0,,,2017-09-15 10:58:19,2017-09-15 10:58:19,
0,1,1,5,1,0,0,,2,0,,0,0,0,,,0,0,,,0,UNNRO3,,,0,0,,2,0,0,0,0,0,0,,,0,,0,2017-09-15 06:48:11,0,,0,30,1,0,0,,0,0,,0,,Int,0,0,3 Unnamed Road,,,Argyll and Bute,LA3 44X,65,0,,,,,,,,,,,,1,,0,,,,,,,,,0,,0,1500,1,130,1,25,1,75,0,0,0,3,0,,0,,20,4,0,1,0,0,0,0,3,1,0,0,0,,1,1,0,0,,1,2018-03-13 12:00:00,,,,,,,,,,,0,0,0,0,,0,0,1,,,0,,0,,,,0,,,,0,,,0,,0,,,,,,,,,0,0,0,,,,,,,,,,,,0,0,0,1,2,0,1,0,0,1,1,0,0,,,,,,,,,0,,0,0,0,,1,,,,0,0,,0,,0,0,,0,,,1,,0,0,0,0,0,0,0,0,0,,0,,,0,0,0,30,,0,0,,,2017-09-25 12:58:40,2017-09-25 12:58:40,
0,1,1,5,1,0,0,,2,0,,0,0,0,,,0,0,,,0,CAS205,,,0,0,,2,0,0,0,0,0,0,,,0,,0,2017-09-15 10:54:04,0,,0,30,1,0,0,,0,0,,0,,Int,0,0,205-213 Castle Hill Road,Totternhoe,Dunstable,Central Bedfordshire,LU6 2DA,13,0,,,,,,,,,,,,1,,0,,,,,,,,,0,,0,1600,1,130,1,25,1,75,0,0,0,3,0,,0,,20,2,0,1,1,0,0,0,3,1,1,0,0,,0,0,1,0,,1,2017-12-11 12:00:00,,,,,,,,,,,0,0,0,0,,0,0,1,,,0,,0,,,,0,,,,0,,,0,,0,,,,,,,,,0,0,0,,,,,,,,,,,,0,0,0,1,1,1,1,0,0,0,1,0,0,,,,,,,,,0,,0,0,0,,1,,,,0,0,,0,,0,0,,0,,,1,,0,0,0,0,0,0,0,0,0,,0,,,0,0,0,30,,0,0,,,2017-09-27 06:42:32,2017-09-27 06:42:32,
0,1,1,5,1,0,0,,2,0,,0,0,0,,,0,0,,,0,GORR50,,,0,0,,2,0,0,0,0,0,0,,,0,,0,2017-09-25 20:55:58,0,,0,30,1,0,0,,0,0,,0,,Int,0,0,50 Gorton Road,Rosewell,Rosewell,Midlothian,EH24 9BN,53,0,,,,,,,,,,,,1,,0,,,,,,,,,0,,0,1700,1,130,1,25,1,75,0,0,0,3,0,,0,,20,3,1,0,1,0,0,0,3,1,1,0,0,,1,0,0,0,,1,2017-12-14 12:00:00,,,,,,,,,,,0,0,0,0,,0,0,1,,,0,,0,,,,0,,,,0,,,0,,0,,,,,,,,,0,0,0,,,,,,,,,,,,0,0,0,1,1,0,0,1,0,0,1,1,0,,,,,,,,,0,,0,0,0,,1,,,,0,0,,0,,0,0,,0,,,1,,0,0,0,0,0,0,0,0,0,,0,,,0,0,0,30,,0,0,,,2017-09-27 06:46:49,2017-09-27 06:46:49,
0,1,1,5,1,0,0,,2,0,,0,0,0,,,0,0,,,0,CHUROA,,,0,0,,2,0,0,0,0,0,0,,,0,,0,2017-09-27 12:51:09,0,,0,30,1,0,0,,0,0,,0,,Int,0,0,Church Road,New Quay,New Quay,Ceredigion,SA45 9PN,25,0,,,,,,,,,,,,1,,0,,,,,,,,,0,,0,1800,1,130,1,25,1,75,0,0,0,3,0,,0,,20,4,0,1,0,1,0,0,3,1,1,0,0,,1,1,0,0,,1,2017-12-17 12:00:00,,,,,,,,,,,0,0,0,0,,0,0,1,,,0,,0,,,,0,,,,0,,,0,,0,,,,,,,,,0,0,0,,,,,,,,,,,,0,0,0,0,1,0,0,1,0,1,1,0,0,,,,,,,,,0,,0,0,0,,1,,,,0,0,,0,,0,0,,0,,,1,,0,0,0,0,0,0,0,0,0,,0,,,0,0,0,30,,0,0,,,2017-09-28 05:01:37,2017-09-28 05:01:37,
0,1,1,5,1,0,0,,2,0,,0,0,0,,,0,0,,,0,GRELAN,,,0,0,,2,0,0,0,0,0,0,,,0,,0,2017-09-27 14:42:54,0,,0,30,1,0,0,,0,0,,0,,Int,0,0,30 Green Lane,Redruth,Redruth,Cornwall,TR15 1JU,45,0,,,,,,,,,,,,1,,0,,,,,,,,,0,,0,300,1,130,1,25,1,75,0,0,0,3,0,,0,,20,3,1,0,1,0,0,0,3,1,0,0,0,,0,0,0,0,,1,2017-12-13 12:00:00,,,,,,,,,,,0,0,0,0,,0,0,1,,,0,,0,,,,0,,,,0,,,0,,0,,,,,,,,,0,0,0,,,,,,,,,,,,0,0,0,1,2,1,1,0,0,0,1,0,0,,,,,,,,,0,,0,0,0,,1,,,,0,0,,0,,0,0,,0,,,1,,0,0,0,0,0,0,0,0,0,,0,,,0,0,0,30,,0,0,,,2017-09-29 09:50:48,2017-09-29 09:50:48,
0,1,1,5,1,0,0,,2,0,,0,0,0,,,0,0,,,0,WERRO1,,,0,0,,2,0,0,0,0,0,0,,,0,,0,2017-09-28 12:57:36,0,,0,30,1,0,0,,0,0,,0,,Int,0,0,1 Wern Road,Tonypandy,Tonypandy,Rhondda Cynon Taff,CF40 1BL,53,0,,,,,,,,,,,,1,,0,,,,,,,,,0,,0,800,1,130,1,25,1,75,0,0,0,3,0,,0,,20,3,0,1,0,0,0,0,3,1,1,0,0,,1,1,0,0,,1,2017-12-28 12:00:00,,,,,,,,,,,0,0,0,0,,0,0,1,,,0,,0,,,,0,,,,0,,,0,,0,,,,,,,,,0,0,0,,,,,,,,,,,,0,0,0,1,1,0,0,1,0,0,1,0,0,,,,,,,,,0,,0,0,0,,1,,,,0,0,,0,,0,0,,0,,,1,,0,0,0,0,0,0,0,0,0,,0,,,0,0,0,30,,0,0,,,2017-09-29 09:51:44,2017-09-29 09:51:44,
0,1,1,5,1,0,0,,2,0,,0,0,0,,,0,0,,,0,PENAV1,,,0,0,,2,0,0,0,0,0,0,,,0,,0,2017-09-29 17:50:24,0,,0,30,1,0,0,,0,0,,0,,Int,0,0,1 Penrith Avenue,Stockport,Stockport,Greater Manchester,SK5 6ES,64,0,,,,,,,,,,,,1,,0,,,,,,,,,0,,0,550,1,130,1,25,1,75,0,0,0,3,0,,0,,20,2,0,1,1,1,0,0,3,1,1,0,0,,0,0,1,0,,1,2017-11-20 12:00:00,,,,,,,,,,,0,0,0,0,,0,0,1,,,0,,0,,,,0,,,,0,,,0,,0,,,,,,,,,0,0,0,,,,,,,,,,,,0,0,0,0,1,0,0,1,0,0,1,0,0,,,,,,,,,0,,0,0,0,,1,,,,0,0,,0,,0,0,,0,,,1,,0,0,0,0,0,0,0,0,0,,0,,,0,0,0,30,,0,0,,,2017-09-29 10:16:46,2017-09-29 10:16:46,
0,1,1,5,1,0,0,,2,0,,0,0,0,,,0,0,,,0,HEA159,,,0,0,,2,0,0,0,0,0,0,,,0,,0,2017-09-29 17:50:57,0,,0,30,1,0,0,,0,0,,0,,Int,0,0,159 Heaton Road,Bradford,Bradford,West Yorkshire,BD9 4RP,53,0,,,,,,,,,,,,1,,0,,,,,,,,,0,,0,1300,1,130,1,25,1,75,0,0,0,3,0,,0,,20,4,0,1,1,0,0,0,3,1,0,0,0,,0,1,0,0,,0,2017-11-21 12:00:00,,,,,,,,,,,0,0,0,0,,0,0,1,,,0,,0,,,,0,,,,0,,,0,,0,,,,,,,,,0,0,0,,,,,,,,,,,,0,0,0,1,3,0,1,0,0,0,1,0,0,,,,,,,,,0,,0,0,0,,1,,,,0,0,,0,,0,0,,0,,,1,,0,0,0,0,0,0,0,0,0,,0,,,0,0,0,30,,0,0,,,2017-09-29 11:26:46,2017-09-29 11:26:46,
0,1,1,5,1,0,0,,2,0,,0,0,0,,,0,0,,,0,MARR26,,,0,0,,2,0,0,0,0,0,0,,,0,,0,2017-09-29 18:03:03,0,,0,30,1,0,0,,0,0,,0,,Int,0,0,26 Marlborough Road,Bournemouth,Bournemouth,Bournemouth,BH4 8DH,53,0,,,,,,,,,,,,1,,0,,,,,,,,,0,,0,550,1,130,1,25,1,75,0,0,0,3,0,,0,,20,2,0,1,0,0,0,0,3,1,1,0,0,,1,0,0,0,,0,2017-11-22 12:00:00,,,,,,,,,,,0,0,0,0,,0,0,1,,,0,,0,,,,0,,,,0,,,0,,0,,,,,,,,,0,0,0,,,,,,,,,,,,0,0,0,1,1,1,1,0,0,1,1,0,0,,,,,,,,,0,,0,0,0,,1,,,,0,0,,0,,0,0,,0,,,1,,0,0,0,0,0,0,0,0,0,,0,,,0,0,0,30,,0,0,,,2017-10-02 04:41:17,2017-10-11 09:54:22,
0,1,1,5,1,0,0,,2,0,,0,0,0,,,0,0,,,0,DIORO9,,,0,0,,2,0,0,0,0,0,0,,,0,,0,2017-09-29 19:25:12,0,,0,30,1,0,0,,0,0,,0,,Int,0,0,9 Dionysia Road,Middlesbrough,Middlesbrough,Middlesbrough,TS3,14,0,,,,,,,,,,,,1,,0,,,,,,,,,0,,0,300,1,130,1,25,1,75,0,0,0,3,0,,0,,20,4,0,1,0,0,0,0,3,1,1,0,0,,0,1,0,0,,0,2017-11-23 12:00:00,,,,,,,,,,,0,0,0,0,,0,0,1,,,0,,0,,,,0,,,,0,,,0,,0,,,,,,,,,0,0,0,,,,,,,,,,,,0,0,0,1,1,0,0,1,0,0,1,0,0,,,,,,,,,0,,0,0,0,,1,,,,0,0,,0,,0,0,,0,,,1,,0,0,0,0,0,0,0,0,0,,0,,,0,0,0,30,,0,0,,,2017-10-05 09:44:44,2017-10-10 08:45:17,
0,1,1,5,1,0,0,,2,0,,0,0,0,,,0,0,,,0,STRPL8,,,0,0,,2,0,0,0,0,0,0,,,0,,0,2017-10-02 12:40:42,0,,0,30,1,0,0,,0,0,,0,,Int,0,0,8 Struie Place,,Ardgay,Highland,IV24 3BT,54,0,,,,,,,,,,,,1,,0,,,,,,,,,0,,0,800,1,130,1,25,1,75,0,0,0,3,0,,0,,20,3,0,1,0,1,0,0,3,1,0,0,0,,1,0,1,0,,1,2017-11-25 12:00:00,,,,,,,,,,,0,0,0,0,,0,0,1,,,0,,0,,,,0,,,,0,,,0,,0,,,,,,,,,0,0,0,,,,,,,,,,,,0,0,0,0,3,1,1,0,0,0,1,0,0,,,,,,,,,0,,0,0,0,,1,,,,0,0,,0,,0,0,,0,,,1,,0,0,0,0,0,0,0,0,0,,0,,,0,0,0,30,,0,0,,,2017-10-06 10:00:44,2017-10-06 11:30:40,
0,1,1,5,1,0,0,,2,0,,0,0,0,,,0,0,,,0,SOU172,,,0,0,,2,0,0,0,0,0,0,,,0,,0,2017-10-05 17:38:26,0,,0,30,1,0,0,,0,0,,0,,Int,0,0,172 South Parkway,Leeds,Leeds,West Yorkshire,LS14,26,0,,,,,,,,,,,,1,,0,,,,,,,,,0,,0,575,1,130,1,25,1,75,0,0,0,3,0,,0,,20,2,0,1,1,0,0,0,3,1,1,0,0,,0,0,0,0,,1,2018-01-14 12:00:00,,,,,,,,,,,0,0,0,0,,0,0,1,,,0,,0,,,,0,,,,0,,,0,,0,,,,,,,,,0,0,0,,,,,,,,,,,,0,0,0,1,1,0,0,1,0,0,1,0,0,,,,,,,,,0,,0,0,0,,1,,,,0,0,,0,,0,0,,0,,,1,,0,0,0,0,0,0,0,0,0,,0,,,0,0,0,30,,0,0,,,2017-10-10 06:49:35,2017-10-10 06:49:35,
0,1,1,5,1,0,0,,2,0,,0,0,0,,,0,0,,,0,COLAV9,,,0,0,,2,0,0,0,0,0,0,,,0,,0,2017-10-06 17:29:48,0,,0,30,1,0,0,,0,0,,0,,Int,0,0,9 Collins Avenue,Stanmore,Stanmore,Greater London,HA7 1DL,46,0,,,,,,,,,,,,1,,0,,,,,,,,,0,,0,850,1,130,1,25,1,75,0,0,0,3,0,,0,,20,3,0,1,0,1,0,0,3,1,1,0,0,,1,0,1,0,,1,2017-12-13 12:00:00,,,,,,,,,,,0,0,0,0,,0,0,1,,,0,,0,,,,0,,,,0,,,0,,0,,,,,,,,,0,0,0,,,,,,,,,,,,0,0,0,0,1,1,1,0,0,1,1,1,0,,,,,,,,,0,,0,0,0,,1,,,,0,0,,0,,0,0,,0,,,1,,0,0,0,0,0,0,0,0,0,,0,,,0,0,0,30,,0,0,,,2017-10-11 07:56:03,2017-10-11 07:56:03,
0,1,1,5,1,0,0,,2,0,,0,0,0,,,0,0,,,0,COAR16,,,0,0,,2,0,0,0,0,0,0,,,0,,0,2017-10-10 14:47:59,0,,0,30,1,0,0,,0,0,,0,,Pro,0,0,16 Coach Road,Rotherham,Rotherham,South Yorkshire,S61 4ED,54,0,,,,,,,,,,,,1,,0,,,,,,,,,0,,0,325,1,130,1,25,1,75,0,0,0,3,0,,0,,20,5,1,0,0,0,0,0,3,1,1,0,0,,0,1,1,0,,0,2017-12-28 12:00:00,,,,,,,,,,,0,0,0,0,,0,0,1,,,0,,0,,,,0,,,,0,,,0,,0,,,,,,,,,0,0,0,,,,,,,,,,,,0,0,0,1,4,0,0,1,0,0,1,0,0,,,,,,,,,0,,0,0,0,,1,,,,0,0,,0,,0,0,,0,,,1,,0,0,0,0,0,0,0,0,0,,0,,,0,0,0,30,,0,0,,,2017-10-11 11:04:06,2017-10-11 11:04:06,
0,1,1,5,1,0,0,,2,0,,0,0,0,,,0,0,,,0,STAS26,,,0,0,,2,0,0,0,0,0,0,,,0,,0,2017-10-11 15:47:31,0,,0,30,1,0,0,,0,0,,0,,Int,0,0,26 Stanley Street,Southport,Southport,Merseyside,PR9 0BY,65,0,,,,,,,,,,,,1,,0,,,,,,,,,0,,0,400,1,130,1,25,1,75,0,0,0,3,0,,0,,20,4,1,0,1,0,0,0,3,1,0,0,0,,1,0,1,0,,1,2017-11-20 12:00:00,,,,,,,,,,,0,0,0,0,,0,0,1,,,0,,0,,,,0,,,,0,,,0,,0,,,,,,,,,0,0,0,,,,,,,,,,,,0,0,0,1,1,0,1,0,0,0,1,0,0,,,,,,,,,0,,0,0,0,,1,,,,0,0,,0,,0,0,,0,,,1,,0,0,0,0,0,0,0,0,0,,0,,,0,0,0,30,,0,0,,,2017-10-11 12:01:11,2017-10-11 12:34:49,
0,1,1,5,1,0,0,,2,0,,0,0,0,,,0,0,,,0,PADGA9,,,0,0,,2,0,0,0,0,0,0,,,0,,0,2017-10-11 19:01:34,0,,0,30,1,0,0,,0,0,,0,,Int,0,0,9 Padstow Gardens,Gateshead,Gateshead,Tyne and Wear,NE9 6TW,54,0,,,,,,,,,,,,1,,0,,,,,,,,,0,,0,1300,1,130,1,25,1,75,0,0,0,3,0,,0,,20,3,0,1,0,0,0,0,3,1,1,0,0,,0,1,0,0,,0,2017-11-21 12:00:00,,,,,,,,,,,0,0,0,0,,0,0,1,,,0,,0,,,,0,,,,0,,,0,,0,,,,,,,,,0,0,0,,,,,,,,,,,,0,0,0,1,1,0,0,1,0,1,1,1,0,,,,,,,,,0,,0,0,0,,1,,,,0,0,,0,,0,0,,0,,,1,,0,0,0,0,0,0,0,0,0,,0,,,0,0,0,30,,0,0,,,2017-09-04 11:37:24,2017-09-04 11:37:24,
0,1,1,5,1,0,0,,2,0,,0,0,0,,,0,0,,,0,HARCL4,,,0,0,,2,0,0,0,0,0,0,,,0,,0,2017-10-11 19:24:06,0,,0,30,1,0,0,,0,0,,0,,Int,0,0,4 Harvest Close,Marks Tey,Colchester,Essex,CO6 1DQ,13,0,,,,,,,,,,,,1,,0,,,,,,,,,0,,0,1400,1,130,1,25,1,75,0,0,0,3,0,,0,,20,4,0,1,0,1,0,0,3,1,1,0,0,,1,0,1,0,,1,2017-11-22 12:00:00,,,,,,,,,,,0,0,0,0,,0,0,1,,,0,,0,,,,0,,,,0,,,0,,0,,,,,,,,,0,0,0,,,,,,,,,,,,0,0,0,0,6,0,0,1,0,0,1,0,0,,,,,,,,,0,,0,0,0,,1,,,,0,0,,0,,0,0,,0,,,1,,0,0,0,0,0,0,0,0,0,,0,,,0,0,0,30,,0,0,,,2017-09-11 11:43:09,2017-09-11 11:43:09,
0,1,1,5,1,0,0,,2,0,,0,0,0,,,0,0,,,0,BIRR37,,,0,0,,2,0,0,0,0,0,0,,,0,,0,2017-10-11 14:10:09,0,,0,30,1,0,0,,0,0,,0,,Int,0,0,37 Birdwell Road,Long Ashton,Bristol,North Somerset,BS41 9BA,53,0,,,,,,,,,,,,1,,0,,,,,,,,,0,,0,1500,1,130,1,25,1,75,0,0,0,3,0,,0,,20,2,1,0,0,0,0,0,3,1,0,0,0,,1,1,0,0,,1,2017-11-23 12:00:00,,,,,,,,,,,0,0,0,0,,0,0,1,,,0,,0,,,,0,,,,0,,,0,,0,,,,,,,,,0,0,0,,,,,,,,,,,,0,0,0,1,1,1,1,0,0,0,1,0,0,,,,,,,,,0,,0,0,0,,1,,,,0,0,,0,,0,0,,0,,,1,,0,0,0,0,0,0,0,0,0,,0,,,0,0,0,30,,0,0,,,2017-09-13 10:15:43,2017-09-13 10:15:43,
0,1,1,5,1,0,0,,2,0,,0,0,0,,,0,0,,,0,BURC39,,,0,0,,2,0,0,0,0,0,0,,,0,,0,2017-09-04 11:30:16,0,,0,30,1,0,0,,0,0,,0,,Int,0,0,39 Burnhead Crescent,Edinburgh,Edinburgh,Edinburgh,EH16 6EF,25,0,,,,,,,,,,,,1,,0,,,,,,,,,0,,0,1800,1,130,1,25,1,75,0,0,0,3,0,,0,,20,3,0,1,1,0,0,0,3,1,1,0,0,,0,0,0,0,,0,2017-11-25 12:00:00,,,,,,,,,,,0,0,0,0,,0,0,1,,,0,,0,,,,0,,,,0,,,0,,0,,,,,,,,,0,0,0,,,,,,,,,,,,0,0,0,1,1,0,0,1,0,0,1,1,0,,,,,,,,,0,,0,0,0,,1,,,,0,0,,0,,0,0,,0,,,1,,0,0,0,0,0,0,0,0,0,,0,,,0,0,0,30,,0,0,,,2017-09-14 03:48:29,2017-09-14 03:48:29,
0,1,1,5,1,0,0,,2,0,,0,0,0,,,0,0,,,0,SUTCL3,,,0,0,,2,0,0,0,0,0,0,,,0,,0,2017-09-11 11:42:02,0,,0,30,1,0,0,,0,0,,0,,Int,0,0,3 Sutton Close,Hull,Hull,Kingston upon Hull,HU7 4YJ,45,0,,,,,,,,,,,,1,,0,,,,,,,,,0,,0,300,1,130,1,25,1,75,0,0,0,3,0,,0,,20,4,1,0,0,1,0,0,3,1,1,0,0,,0,0,0,0,,0,2018-01-14 12:00:00,,,,,,,,,,,0,0,0,0,,0,0,1,,,0,,0,,,,0,,,,0,,,0,,0,,,,,,,,,0,0,0,,,,,,,,,,,,0,0,0,0,1,0,0,1,0,0,1,0,0,,,,,,,,,0,,0,0,0,,1,,,,0,0,,0,,0,0,,0,,,1,,0,0,0,0,0,0,0,0,0,,0,,,0,0,0,30,,0,0,,,2017-09-15 07:07:46,2017-09-15 07:07:46,
0,1,1,5,1,0,0,,2,0,,0,0,0,,,0,0,,,0,BARYA1,,,0,0,,2,0,0,0,0,0,0,,,0,,0,2017-09-13 10:10:33,0,,0,30,1,0,0,,0,0,,0,,Int,0,0,1 Barrack Yard,Brighton,Brighton,The City of Brighton and Hove,BN1 1WR,53,0,,,,,,,,,,,,1,,0,,,,,,,,,0,,0,800,1,130,1,25,1,75,0,0,0,3,0,,0,,20,3,0,1,1,0,0,0,3,1,0,0,0,,0,1,1,0,,0,2018-01-11 12:00:00,,,,,,,,,,,0,0,0,0,,0,0,1,,,0,,0,,,,0,,,,0,,,0,,0,,,,,,,,,0,0,0,,,,,,,,,,,,0,0,0,1,5,0,1,0,0,1,1,0,0,,,,,,,,,0,,0,0,0,,1,,,,0,0,,0,,0,0,,0,,,1,,0,0,0,0,0,0,0,0,0,,0,,,0,0,0,30,,0,0,,,2017-09-15 10:58:19,2017-09-15 10:58:19,
0,1,1,5,1,0,0,,2,0,,0,0,0,,,0,0,,,0,BEALAN,,,0,0,,2,0,0,0,0,0,0,,,0,,0,2017-09-14 03:45:43,0,,0,30,1,0,0,,0,0,,0,,Pro,0,0,Beardsley Lane,,Swindon,Swindon,SN25,64,0,,,,,,,,,,,,1,,0,,,,,,,,,0,,0,550,1,130,1,25,1,75,0,0,0,3,0,,0,,20,2,0,1,0,0,0,0,3,1,1,0,0,,1,0,0,0,,0,2018-01-02 12:00:00,,,,,,,,,,,0,0,0,0,,0,0,1,,,0,,0,,,,0,,,,0,,,0,,0,,,,,,,,,0,0,0,,,,,,,,,,,,0,0,0,1,2,1,1,0,0,0,1,0,0,,,,,,,,,0,,0,0,0,,1,,,,0,0,,0,,0,0,,0,,,1,,0,0,0,0,0,0,0,0,0,,0,,,0,0,0,30,,0,0,,,2017-09-25 12:58:40,2017-09-25 12:58:40,
0,1,1,5,1,0,0,,2,0,,0,0,0,,,0,0,,,0,WOL68A,,,0,0,,2,0,0,0,0,0,0,,,0,,0,2017-09-15 06:48:11,0,,0,30,1,0,0,,0,0,,0,,Int,0,0,68A Wolverton Road,Stony Stratford,Milton Keynes,Milton Keynes,MK11 1DT,53,0,,,,,,,,,,,,1,,0,,,,,,,,,0,,0,1300,1,130,1,25,1,75,0,0,0,3,0,,0,,20,2,0,1,0,0,0,0,3,1,0,0,0,,0,1,0,0,,0,2018-01-04 12:00:00,,,,,,,,,,,0,0,0,0,,0,0,1,,,0,,0,,,,0,,,,0,,,0,,0,,,,,,,,,0,0,0,,,,,,,,,,,,0,0,0,1,3,0,0,1,0,0,1,0,0,,,,,,,,,0,,0,0,0,,1,,,,0,0,,0,,0,0,,0,,,1,,0,0,0,0,0,0,0,0,0,,0,,,0,0,0,30,,0,0,,,2017-09-27 06:42:32,2017-09-27 06:42:32,
0,1,1,5,1,0,0,,2,0,,0,0,0,,,0,0,,,0,CHAW21,,,0,0,,2,0,0,0,0,0,0,,,0,,0,2017-09-15 10:54:04,0,,0,30,1,0,0,,0,0,,0,,Int,0,0,21 Chaucer Way,Wokingham,Wokingham,Wokingham,RG41 3BG,53,0,,,,,,,,,,,,1,,0,,,,,,,,,0,,0,550,1,130,1,25,1,75,0,0,0,3,0,,0,,20,3,0,1,0,0,0,0,3,1,1,0,0,,1,0,1,0,,0,2018-01-10 12:00:00,,,,,,,,,,,0,0,0,0,,0,0,1,,,0,,0,,,,0,,,,0,,,0,,0,,,,,,,,,0,0,0,,,,,,,,,,,,0,0,0,1,2,1,1,0,0,0,1,0,0,,,,,,,,,0,,0,0,0,,1,,,,0,0,,0,,0,0,,0,,,1,,0,0,0,0,0,0,0,0,0,,0,,,0,0,0,30,,0,0,,,2017-09-27 06:46:49,2017-09-27 06:46:49,
0,1,1,5,1,0,0,,2,0,,0,0,0,,,0,0,,,0,WRO363,,,0,0,,2,0,0,0,0,0,0,,,0,,0,2017-09-25 20:55:58,0,,0,30,1,0,0,,0,0,,0,,Int,0,0,363 Wrotham Road,Istead Rise,Gravesend,Kent,DA13 9EF,53,0,,,,,,,,,,,,1,,0,,,,,,,,,0,,0,300,1,130,1,25,1,75,0,0,0,3,0,,0,,20,3,0,1,1,0,0,0,3,1,1,0,0,,1,1,0,0,,1,2018-02-11 12:00:00,,,,,,,,,,,0,0,0,0,,0,0,1,,,0,,0,,,,0,,,,0,,,0,,0,,,,,,,,,0,0,0,,,,,,,,,,,,0,0,0,1,2,0,0,1,0,1,1,1,0,,,,,,,,,0,,0,0,0,,1,,,,0,0,,0,,0,0,,0,,,1,,0,0,0,0,0,0,0,0,0,,0,,,0,0,0,30,,0,0,,,2017-09-28 05:01:37,2017-09-28 05:01:37,
0,1,1,5,1,0,0,,2,0,,0,0,0,,,0,0,,,0,CHULA1,,,0,0,,2,0,0,0,0,0,0,,,0,,0,2017-09-27 12:51:09,0,,0,30,1,0,0,,0,0,,0,,Pro,0,0,1 Church Lane,Chatham,Chatham,Medway,ME4 4LJ,71,0,,,,,,,,,,,,1,,0,,,,,,,,,0,,0,800,1,130,1,25,1,75,0,0,0,3,0,,0,,20,2,0,1,0,1,0,0,3,1,1,0,0,,0,0,0,0,,1,2018-02-14 12:00:00,,,,,,,,,,,0,0,0,0,,0,0,1,,,0,,0,,,,0,,,,0,,,0,,0,,,,,,,,,0,0,0,,,,,,,,,,,,0,0,0,0,2,1,1,0,0,0,1,0,0,,,,,,,,,0,,0,0,0,,1,,,,0,0,,0,,0,0,,0,,,1,,0,0,0,0,0,0,0,0,0,,0,,,0,0,0,30,,0,0,,,2017-09-29 09:50:48,2017-09-29 09:50:48,
0,1,1,5,1,0,0,,2,0,,0,0,0,,,0,0,,,0,HORROA,,,0,0,,2,0,0,0,0,0,0,,,0,,0,2017-09-27 14:42:54,0,,0,30,1,0,0,,0,0,,0,,Int,0,0,Horsham Road,Beare Green,Dorking,Surrey,RH5 4PG,46,0,,,,,,,,,,,,1,,0,,,,,,,,,0,,0,575,1,130,1,25,1,75,0,0,0,3,0,,0,,20,3,0,1,0,0,0,0,3,1,0,0,0,,0,0,0,0,,1,2018-02-12 12:00:00,,,,,,,,,,,0,0,0,0,,0,0,1,,,0,,0,,,,0,,,,0,,,0,,0,,,,,,,,,0,0,0,,,,,,,,,,,,0,0,0,1,3,0,0,1,0,0,1,0,0,,,,,,,,,0,,0,0,0,,1,,,,0,0,,0,,0,0,,0,,,1,,0,0,0,0,0,0,0,0,0,,0,,,0,0,0,30,,0,0,,,2017-09-29 09:51:44,2017-09-29 09:51:44,
0,1,1,5,1,0,0,,2,0,,0,0,0,,,0,0,,,0,BURW11,,,0,0,,2,0,0,0,0,0,0,,,0,,0,2017-09-28 12:57:36,0,,0,30,1,0,0,,0,0,,0,,Int,0,0,11 Burns Walk,Thatcham,Thatcham,West Berkshire,RG18 3FU,54,0,,,,,,,,,,,,1,,0,,,,,,,,,0,,0,850,1,130,1,25,1,75,0,0,0,3,0,,0,,20,3,0,1,1,0,0,0,3,1,1,0,0,,0,1,1,0,,1,2018-02-18 12:00:00,,,,,,,,,,,0,0,0,0,,0,0,1,,,0,,0,,,,0,,,,0,,,0,,0,,,,,,,,,0,0,0,,,,,,,,,,,,0,0,0,1,2,0,1,0,0,1,1,0,0,,,,,,,,,0,,0,0,0,,1,,,,0,0,,0,,0,0,,0,,,1,,0,0,0,0,0,0,0,0,0,,0,,,0,0,0,30,,0,0,,,2017-09-29 10:16:46,2017-09-29 10:16:46,
0,1,1,5,1,0,0,,2,0,,0,0,0,,,0,0,,,0,THEF70,,,0,0,,2,0,0,0,0,0,0,,,0,,0,2017-09-29 17:50:24,0,,0,30,1,0,0,,0,0,,0,,Int,0,0,70 The Fremnells,Basildon,Basildon,Essex,SS14 2QZ,65,0,,,,,,,,,,,,1,,0,,,,,,,,,0,,0,325,1,130,1,25,1,75,0,0,0,3,0,,0,,20,4,1,0,0,1,0,0,3,1,1,0,0,,1,0,0,0,,1,2018-02-21 12:00:00,,,,,,,,,,,0,0,0,0,,0,0,1,,,0,,0,,,,0,,,,0,,,0,,0,,,,,,,,,0,0,0,,,,,,,,,,,,0,0,0,0,2,0,0,1,0,0,1,0,0,,,,,,,,,0,,0,0,0,,1,,,,0,0,,0,,0,0,,0,,,1,,0,0,0,0,0,0,0,0,0,,0,,,0,0,0,30,,0,0,,,2017-09-29 11:26:46,2017-09-29 11:26:46,
0,1,1,5,1,0,0,,2,0,,0,0,0,,,0,0,,,0,MIL348,,,0,0,,2,0,0,0,0,0,0,,,0,,0,2017-09-29 17:50:57,0,,0,30,1,0,0,,0,0,,0,,Int,0,0,348 Millfield Lane,Haydock,Saint Helens,Merseyside,WA11 9TB,54,0,,,,,,,,,,,,1,,0,,,,,,,,,0,,0,400,1,130,1,25,1,75,0,0,0,3,0,,0,,20,4,1,0,0,0,0,0,3,1,0,0,0,,1,1,0,0,,1,2018-04-22 12:00:00,,,,,,,,,,,0,0,0,0,,0,0,1,,,0,,0,,,,0,,,,0,,,0,,0,,,,,,,,,0,0,0,,,,,,,,,,,,0,0,0,1,1,1,1,0,0,1,1,0,0,,,,,,,,,0,,0,0,0,,1,,,,0,0,,0,,0,0,,0,,,1,,0,0,0,0,0,0,0,0,0,,0,,,0,0,0,30,,0,0,,,2017-10-02 04:41:17,2017-10-11 09:54:22,
0,1,1,5,1,0,0,,2,0,,0,0,0,,,0,0,,,0,LONGP2,,,0,0,,2,0,0,0,0,0,0,,,0,,0,2017-09-29 18:03:03,0,,0,30,1,0,0,,0,0,,0,,Int,0,0,2 Longpiece,Marwood,Barnstaple,Devon,EX31 4DT,54,0,,,,,,,,,,,,1,,0,,,,,,,,,0,,0,300,1,130,1,25,1,75,0,0,0,3,0,,0,,20,3,1,0,0,0,0,0,3,1,1,0,0,,0,0,1,0,,1,2018-03-13 12:00:00,,,,,,,,,,,0,0,0,0,,0,0,1,,,0,,0,,,,0,,,,0,,,0,,0,,,,,,,,,0,0,0,,,,,,,,,,,,0,0,0,1,3,0,0,1,0,0,1,0,0,,,,,,,,,0,,0,0,0,,1,,,,0,0,,0,,0,0,,0,,,1,,0,0,0,0,0,0,0,0,0,,0,,,0,0,0,30,,0,0,,,2017-10-05 09:44:44,2017-10-10 08:45:17,
0,1,1,5,1,0,0,,2,0,,0,0,0,,,0,0,,,0,RAM109,,,0,0,,2,0,0,0,0,0,0,,,0,,0,2017-09-29 19:25:12,0,,0,30,1,0,0,,0,0,,0,,Int,0,0,109 Ramsden Road,Wardle,Rochdale,Greater Manchester,OL12 9NX,54,0,,,,,,,,,,,,1,,0,,,,,,,,,0,,0,800,1,130,1,25,1,75,0,0,0,3,0,,0,,20,4,1,0,0,0,0,0,3,1,1,0,0,,1,0,0,0,,0,2018-01-10 12:00:00,,,,,,,,,,,0,0,0,0,,0,0,1,,,0,,0,,,,0,,,,0,,,0,,0,,,,,,,,,0,0,0,,,,,,,,,,,,0,0,0,1,1,1,1,0,0,0,1,0,0,,,,,,,,,0,,0,0,0,,1,,,,0,0,,0,,0,0,,0,,,1,,0,0,0,0,0,0,0,0,0,,0,,,0,0,0,30,,0,0,,,2017-10-06 10:00:44,2017-10-06 11:30:40,
0,1,1,5,1,0,0,,2,0,,0,0,0,,,0,0,,,0,HARR10,,,0,0,,2,0,0,0,0,0,0,,,0,,0,2017-10-02 12:40:42,0,,0,30,1,0,0,,0,0,,0,,Int,0,0,10 Harrington Road,Liverpool,Liverpool,Merseyside,L3,7,0,,,,,,,,,,,,1,,0,,,,,,,,,0,,0,575,1,130,1,25,1,75,0,0,0,3,0,,0,,20,4,0,1,1,0,0,0,3,1,0,0,0,,1,1,0,0,,0,2018-02-11 12:00:00,,,,,,,,,,,0,0,0,0,,0,0,1,,,0,,0,,,,0,,,,0,,,0,,0,,,,,,,,,0,0,0,,,,,,,,,,,,0,0,0,1,1,0,0,1,0,0,1,0,0,,,,,,,,,0,,0,0,0,,1,,,,0,0,,0,,0,0,,0,,,1,,0,0,0,0,0,0,0,0,0,,0,,,0,0,0,30,,0,0,,,2017-10-10 06:49:35,2017-10-10 06:49:35,
0,1,1,5,1,0,0,,2,0,,0,0,0,,,0,0,,,0,CISL6A,,,0,0,,2,0,0,0,0,0,0,,,0,,0,2017-10-05 17:38:26,0,,0,30,1,0,0,,0,0,,0,,Int,0,0,6A Cissplatt Lane,Keelby,Grimsby,Lincolnshire,DN41 8HU,69,0,,,,,,,,,,,,1,,0,,,,,,,,,0,,0,850,1,130,1,25,1,75,0,0,0,3,0,,0,,20,3,0,1,0,1,0,0,3,1,1,0,0,,0,0,0,0,,0,2018-02-14 12:00:00,,,,,,,,,,,0,0,0,0,,0,0,1,,,0,,0,,,,0,,,,0,,,0,,0,,,,,,,,,0,0,0,,,,,,,,,,,,0,0,0,0,4,0,1,0,0,1,1,0,0,,,,,,,,,0,,0,0,0,,1,,,,0,0,,0,,0,0,,0,,,1,,0,0,0,0,0,0,0,0,0,,0,,,0,0,0,30,,0,0,,,2017-10-11 07:56:03,2017-10-11 07:56:03,
0,1,1,5,1,0,0,,2,0,,0,0,0,,,0,0,,,0,WITFI5,,,0,0,,2,0,0,0,0,0,0,,,0,,0,2017-10-06 17:29:48,0,,0,30,1,0,0,,0,0,,0,,Int,0,0,5 Withins Field,Hightown,Liverpool,Merseyside,L38 9EU,71,0,,,,,,,,,,,,1,,0,,,,,,,,,0,,0,325,1,130,1,25,1,75,0,0,0,3,0,,0,,20,4,0,1,0,0,0,0,3,1,1,0,0,,1,1,0,0,,1,2018-02-12 12:00:00,,,,,,,,,,,0,0,0,0,,0,0,1,,,0,,0,,,,0,,,,0,,,0,,0,,,,,,,,,0,0,0,,,,,,,,,,,,0,0,0,1,1,0,0,1,0,0,1,1,0,,,,,,,,,0,,0,0,0,,1,,,,0,0,,0,,0,0,,0,,,1,,0,0,0,0,0,0,0,0,0,,0,,,0,0,0,30,,0,0,,,2017-10-11 11:04:06,2017-10-11 11:04:06,
0,1,1,5,1,0,0,,2,0,,0,0,0,,,0,0,,,0,CHULAN,,,0,0,,2,0,0,0,0,0,0,,,0,,0,2017-10-10 14:47:59,0,,0,30,1,0,0,,0,0,,0,,Int,0,0,Church Lane,,Ipswich,Suffolk,IP8,70,0,,,,,,,,,,,,1,,0,,,,,,,,,0,,0,400,1,130,1,25,1,75,0,0,0,3,0,,0,,20,4,0,1,0,1,0,0,3,1,1,0,0,,0,0,1,0,,1,2018-02-18 12:00:00,,,,,,,,,,,0,0,0,0,,0,0,1,,,0,,0,,,,0,,,,0,,,0,,0,,,,,,,,,0,0,0,,,,,,,,,,,,0,0,0,0,2,0,0,1,0,0,1,0,0,,,,,,,,,0,,0,0,0,,1,,,,0,0,,0,,0,0,,0,,,1,,0,0,0,0,0,0,0,0,0,,0,,,0,0,0,30,,0,0,,,2017-10-11 12:01:11,2017-10-11 12:34:49,
0,1,1,5,1,0,0,,2,0,,0,0,0,,,0,0,,,0,KINROA,,,0,0,,2,0,0,0,0,0,0,,,0,,0,2017-10-11 15:47:31,0,,0,30,1,0,0,,0,0,,0,,Int,0,0,Kings Road,,Swansea,Swansea,SA1,69,0,,,,,,,,,,,,1,,0,,,,,,,,,0,,0,1500,1,130,1,25,1,75,0,0,0,3,0,,0,,20,2,0,1,1,0,0,0,3,1,0,0,0,,0,1,0,0,,1,2018-02-21 12:00:00,,,,,,,,,,,0,0,0,0,,0,0,1,,,0,,0,,,,0,,,,0,,,0,,0,,,,,,,,,0,0,0,,,,,,,,,,,,0,0,0,1,1,1,1,0,0,1,1,0,0,,,,,,,,,0,,0,0,0,,1,,,,0,0,,0,,0,0,,0,,,1,,0,0,0,0,0,0,0,0,0,,0,,,0,0,0,30,,0,0,,,2017-09-04 11:37:24,2017-09-04 11:37:24,
0,1,1,5,1,0,0,,2,0,,0,0,0,,,0,0,,,0,MORHAL,,,0,0,,2,0,0,0,0,0,0,,,0,,0,2017-10-11 19:01:34,0,,0,30,1,0,0,,0,0,,0,,Int,0,0,Moor Hall Lane,,Chelmsford,Essex,CM3 4ER,70,0,,,,,,,,,,,,1,,0,,,,,,,,,0,,0,1600,1,130,1,25,1,75,0,0,0,3,0,,0,,20,3,0,1,0,0,0,0,3,1,1,0,0,,1,0,0,0,,0,2018-04-22 12:00:00,,,,,,,,,,,0,0,0,0,,0,0,1,,,0,,0,,,,0,,,,0,,,0,,0,,,,,,,,,0,0,0,,,,,,,,,,,,0,0,0,1,1,0,0,1,0,0,1,1,0,,,,,,,,,0,,0,0,0,,1,,,,0,0,,0,,0,0,,0,,,1,,0,0,0,0,0,0,0,0,0,,0,,,0,0,0,30,,0,0,,,2017-09-11 11:43:09,2017-09-11 11:43:09,
0,1,1,5,1,0,0,,2,0,,0,0,0,,,0,0,,,0,LESNE8,,,0,0,,2,0,0,0,0,0,0,,,0,,0,2017-10-11 19:24:06,0,,0,30,1,0,0,,0,0,,0,,Int,0,0,8 Leslie Newnham Court,Maldon,Maldon,Essex,CM9 6XG,14,0,,,,,,,,,,,,1,,0,,,,,,,,,0,,0,1700,1,130,1,25,1,75,0,0,0,3,0,,0,,20,4,1,0,0,0,0,0,3,1,1,0,0,,0,1,0,0,,1,2018-03-13 12:00:00,,,,,,,,,,,0,0,0,0,,0,0,1,,,0,,0,,,,0,,,,0,,,0,,0,,,,,,,,,0,0,0,,,,,,,,,,,,0,0,0,1,1,0,0,1,0,0,1,0,0,,,,,,,,,0,,0,0,0,,1,,,,0,0,,0,,0,0,,0,,,1,,0,0,0,0,0,0,0,0,0,,0,,,0,0,0,30,,0,0,,,2017-09-13 10:15:43,2017-09-13 10:15:43,
0,1,1,5,1,0,0,,2,0,,0,0,0,,,0,0,,,0,CAMD49,,,0,0,,2,0,0,0,0,0,0,,,0,,0,2017-10-11 14:10:09,0,,0,30,1,0,0,,0,0,,0,,Int,0,0,49 Campbell Drive,Cardiff,Cardiff,Cardiff,CF11 7QE,54,0,,,,,,,,,,,,1,,0,,,,,,,,,0,,0,1800,1,130,1,25,1,75,0,0,0,3,0,,0,,20,3,0,1,1,1,0,0,3,1,0,0,0,,1,0,1,0,,1,2017-12-11 12:00:00,,,,,,,,,,,0,0,0,0,,0,0,1,,,0,,0,,,,0,,,,0,,,0,,0,,,,,,,,,0,0,0,,,,,,,,,,,,0,0,0,0,2,0,0,1,0,0,1,0,0,,,,,,,,,0,,0,0,0,,1,,,,0,0,,0,,0,0,,0,,,1,,0,0,0,0,0,0,0,0,0,,0,,,0,0,0,30,,0,0,,,2017-09-14 03:48:29,2017-09-14 03:48:29,
0,1,1,5,1,0,0,,2,0,,0,0,0,,,0,0,,,0,THAA20,,,0,0,,2,0,0,0,0,0,0,,,0,,0,2017-09-04 11:30:17,0,,0,30,1,0,0,,0,0,,0,,Pro,0,0,20-30 Thames Avenue,Swindon,Swindon,Swindon,SN25,26,0,,,,,,,,,,,,1,,0,,,,,,,,,0,,0,300,1,130,1,25,1,75,0,0,0,3,0,,0,,20,2,1,0,0,0,0,0,3,1,1,0,0,,0,0,0,0,,0,2017-12-14 12:00:00,,,,,,,,,,,0,0,0,0,,0,0,1,,,0,,0,,,,0,,,,0,,,0,,0,,,,,,,,,0,0,0,,,,,,,,,,,,0,0,0,1,1,1,1,0,0,1,1,1,0,,,,,,,,,0,,0,0,0,,1,,,,0,0,,0,,0,0,,0,,,1,,0,0,0,0,0,0,0,0,0,,0,,,0,0,0,30,,0,0,,,2017-09-15 07:07:46,2017-09-15 07:07:46,
0,1,1,5,1,0,0,,2,0,,0,0,0,,,0,0,,,0,BAIT51,,,0,0,,2,0,0,0,0,0,0,,,0,,0,2017-09-11 11:42:03,0,,0,30,1,0,0,,0,0,,0,,Int,0,0,51 Baird Terrace,Harthill,Shotts,North Lanarkshire,ML7 5PL,46,0,,,,,,,,,,,,1,,0,,,,,,,,,0,,0,800,1,130,1,25,1,75,0,0,0,3,0,,0,,20,2,0,1,0,0,0,0,3,1,1,0,0,,1,0,1,0,,0,2017-12-13 12:00:00,,,,,,,,,,,0,0,0,0,,0,0,1,,,0,,0,,,,0,,,,0,,,0,,0,,,,,,,,,0,0,0,,,,,,,,,,,,0,0,0,1,1,0,0,1,0,0,1,0,0,,,,,,,,,0,,0,0,0,,1,,,,0,0,,0,,0,0,,0,,,1,,0,0,0,0,0,0,0,0,0,,0,,,0,0,0,30,,0,0,,,2017-09-15 10:58:19,2017-09-15 10:58:19,
0,1,1,5,1,0,0,,2,0,,0,0,0,,,0,0,,,0,AILS27,,,0,0,,2,0,0,0,0,0,0,,,0,,0,2017-09-13 10:10:34,0,,0,30,1,0,0,,0,0,,0,,Int,0,0,27 Ailsa Street,London,London,Greater London,E14 0LE,13,0,,,,,,,,,,,,1,,0,,,,,,,,,0,,0,300,1,130,1,25,1,75,0,0,0,3,0,,0,,20,3,0,1,0,1,0,0,3,1,0,0,0,,0,1,1,0,,0,2017-12-28 12:00:00,,,,,,,,,,,0,0,0,0,,0,0,1,,,0,,0,,,,0,,,,0,,,0,,0,,,,,,,,,0,0,0,,,,,,,,,,,,0,0,0,0,3,1,1,0,0,0,1,0,0,,,,,,,,,0,,0,0,0,,1,,,,0,0,,0,,0,0,,0,,,1,,0,0,0,0,0,0,0,0,0,,0,,,0,0,0,30,,0,0,,,2017-09-25 12:58:40,2017-09-25 12:58:40,
0,1,1,5,1,0,0,,2,0,,0,0,0,,,0,0,,,0,KEEHOL,,,0,0,,2,0,0,0,0,0,0,,,0,,0,2017-09-14 03:45:44,0,,0,30,1,0,0,,0,0,,0,,Int,0,0,Keer Holme Lane,,Carnforth,Lancashire,LA6 1AW,53,0,,,,,,,,,,,,1,,0,,,,,,,,,0,,0,800,1,130,1,25,1,75,0,0,0,3,0,,0,,20,2,0,1,1,0,0,0,3,1,1,0,0,,1,0,1,0,,1,2017-11-20 12:00:00,,,,,,,,,,,0,0,0,0,,0,0,1,,,0,,0,,,,0,,,,0,,,0,,0,,,,,,,,,0,0,0,,,,,,,,,,,,0,0,0,1,1,0,0,1,0,1,1,0,0,,,,,,,,,0,,0,0,0,,1,,,,0,0,,0,,0,0,,0,,,1,,0,0,0,0,0,0,0,0,0,,0,,,0,0,0,30,,0,0,,,2017-09-27 06:42:32,2017-09-27 06:42:32,
0,1,1,5,1,0,0,,2,0,,0,0,0,,,0,0,,,0,TRIHO2,,,0,0,,2,0,0,0,0,0,0,,,0,,0,2017-09-15 06:48:12,0,,0,30,1,0,0,,0,0,,0,,Int,0,0,2 Trinity Hospital,Castle Rising,King's Lynn,Norfolk,PE31 6AG,25,0,,,,,,,,,,,,1,,0,,,,,,,,,0,,0,575,1,130,1,25,1,75,0,0,0,3,0,,0,,20,4,0,1,0,0,0,0,3,1,0,0,0,,0,1,0,0,,1,2017-11-21 12:00:00,,,,,,,,,,,0,0,0,0,,0,0,1,,,0,,0,,,,0,,,,0,,,0,,0,,,,,,,,,0,0,0,,,,,,,,,,,,0,0,0,1,1,0,1,0,0,0,1,0,0,,,,,,,,,0,,0,0,0,,1,,,,0,0,,0,,0,0,,0,,,1,,0,0,0,0,0,0,0,0,0,,0,,,0,0,0,30,,0,0,,,2017-09-27 06:46:49,2017-09-27 06:46:49,
0,1,1,5,1,0,0,,2,0,,0,0,0,,,0,0,,,0,THERO3,,,0,0,,2,0,0,0,0,0,0,,,0,,0,2017-09-15 10:54:05,0,,0,30,1,0,0,,0,0,,0,,Int,0,0,3 The Roundings,Galmpton,Brixham,Torbay,TQ5 0NJ,45,0,,,,,,,,,,,,1,,0,,,,,,,,,0,,0,850,1,130,1,25,1,75,0,0,0,3,0,,0,,20,3,0,1,1,0,0,0,3,1,1,0,0,,1,0,1,0,,1,2017-11-22 12:00:00,,,,,,,,,,,0,0,0,0,,0,0,1,,,0,,0,,,,0,,,,0,,,0,,0,,,,,,,,,0,0,0,,,,,,,,,,,,0,0,0,1,3,0,0,1,0,1,1,0,0,,,,,,,,,0,,0,0,0,,1,,,,0,0,,0,,0,0,,0,,,1,,0,0,0,0,0,0,0,0,0,,0,,,0,0,0,30,,0,0,,,2017-09-28 05:01:37,2017-09-28 05:01:37,
0,1,1,5,1,0,0,,2,0,,0,0,0,,,0,0,,,0,RODW10,,,0,0,,2,0,0,0,0,0,0,,,0,,0,2017-09-25 20:55:59,0,,0,30,1,0,0,,0,0,,0,,Int,0,0,10 Rodney Way,,Waterlooville,Hampshire,PO8 9NG,53,0,,,,,,,,,,,,1,,0,,,,,,,,,0,,0,325,1,130,1,25,1,75,0,0,0,3,0,,0,,20,4,0,1,0,0,0,0,3,1,1,0,0,,1,1,0,0,,0,2017-11-23 12:00:00,,,,,,,,,,,0,0,0,0,,0,0,1,,,0,,0,,,,0,,,,0,,,0,,0,,,,,,,,,0,0,0,,,,,,,,,,,,0,0,0,1,1,0,0,1,0,0,1,1,0,,,,,,,,,0,,0,0,0,,1,,,,0,0,,0,,0,0,,0,,,1,,0,0,0,0,0,0,0,0,0,,0,,,0,0,0,30,,0,0,,,2017-09-29 09:50:48,2017-09-29 09:50:48,
0,1,1,5,1,0,0,,2,0,,0,0,0,,,0,0,,,0,WOOP57,,,0,0,,2,0,0,0,0,0,0,,,0,,0,2017-09-27 12:51:10,0,,0,30,1,0,0,,0,0,,0,,Int,0,0,57-67 Woodside Park Road,London,London,Greater London,N12,64,0,,,,,,,,,,,,1,,0,,,,,,,,,0,,0,400,1,130,1,25,1,75,0,0,0,3,0,,0,,20,3,0,1,0,0,0,0,3,1,1,0,0,,0,0,0,0,,1,2017-11-25 12:00:00,,,,,,,,,,,0,0,0,0,,0,0,1,,,0,,0,,,,0,,,,0,,,0,,0,,,,,,,,,0,0,0,,,,,,,,,,,,0,0,0,1,1,1,1,0,0,0,1,0,0,,,,,,,,,0,,0,0,0,,1,,,,0,0,,0,,0,0,,0,,,1,,0,0,0,0,0,0,0,0,0,,0,,,0,0,0,30,,0,0,,,2017-09-29 09:51:44,2017-09-29 09:51:44,
0,1,1,5,1,0,0,,2,0,,0,0,0,,,0,0,,,0,A30759,,,0,0,,2,0,0,0,0,0,0,,,0,,0,2017-09-27 14:42:55,0,,0,30,1,0,0,,0,0,,0,,Int,0,0,5-9 A307,Esher,Esher,Surrey,KT10 9SB,53,0,,,,,,,,,,,,1,,0,,,,,,,,,0,,0,1500,1,130,1,25,1,75,0,0,0,3,0,,0,,20,3,0,1,0,1,0,0,3,1,0,0,0,,0,0,0,0,,0,2018-01-14 12:00:00,,,,,,,,,,,0,0,0,0,,0,0,1,,,0,,0,,,,0,,,,0,,,0,,0,,,,,,,,,0,0,0,,,,,,,,,,,,0,0,0,0,4,0,0,1,0,0,1,0,0,,,,,,,,,0,,0,0,0,,1,,,,0,0,,0,,0,0,,0,,,1,,0,0,0,0,0,0,0,0,0,,0,,,0,0,0,30,,0,0,,,2017-09-29 10:16:46,2017-09-29 10:16:46,
0,1,1,5,1,0,0,,2,0,,0,0,0,,,0,0,,,0,BURC27,,,0,0,,2,0,0,0,0,0,0,,,0,,0,2017-09-28 12:57:37,0,,0,30,1,0,0,,0,0,,0,,Int,0,0,27 Burns Close,Welling,Welling,Greater London,DA16 3NJ,53,0,,,,,,,,,,,,1,,0,,,,,,,,,0,,0,1600,1,130,1,25,1,75,0,0,0,3,0,,0,,20,4,1,0,0,0,0,0,3,1,1,0,0,,0,1,1,0,,1,2018-01-11 12:00:00,,,,,,,,,,,0,0,0,0,,0,0,1,,,0,,0,,,,0,,,,0,,,0,,0,,,,,,,,,0,0,0,,,,,,,,,,,,0,0,0,1,1,0,0,1,0,1,1,0,0,,,,,,,,,0,,0,0,0,,1,,,,0,0,,0,,0,0,,0,,,1,,0,0,0,0,0,0,0,0,0,,0,,,0,0,0,30,,0,0,,,2017-09-29 11:26:46,2017-09-29 11:26:46,
0,1,1,5,1,0,0,,2,0,,0,0,0,,,0,0,,,0,GREH79,,,0,0,,2,0,0,0,0,0,0,,,0,,0,2017-09-04 11:30:16,0,,0,30,1,0,0,,0,0,,0,,Int,0,0,79 Greater Horseshoe Way,Knowle,Fareham,Hampshire,PO17 5LE,53,0,,,,,,,,,,,,1,,0,,,,,,,,,0,,0,1700,1,130,1,25,1,75,0,0,0,3,0,,0,,20,3,1,0,1,1,0,0,3,1,1,0,0,,1,0,0,0,,1,2018-01-02 12:00:00,,,,,,,,,,,0,0,0,0,,0,0,1,,,0,,0,,,,0,,,,0,,,0,,0,,,,,,,,,0,0,0,,,,,,,,,,,,0,0,0,0,1,0,1,0,0,0,1,1,0,,,,,,,,,0,,0,0,0,,1,,,,0,0,,0,,0,0,,0,,,1,,0,0,0,0,0,0,0,0,0,,0,,,0,0,0,30,,0,0,,,2017-10-02 04:41:17,2017-10-11 09:54:22,
0,1,1,5,1,0,0,,2,0,,0,0,0,,,0,0,,,0,GLE39A,,,0,0,,2,0,0,0,0,0,0,,,0,,0,2017-09-11 11:42:02,0,,0,30,1,0,0,,0,0,,0,,Pro,0,0,39A Glenmorag Crescent,Dunoon,Dunoon,Argyll and Bute,PA23 7LF,71,0,,,,,,,,,,,,1,,0,,,,,,,,,0,,0,1800,1,130,1,25,1,75,0,0,0,3,0,,0,,20,1,0,1,0,0,0,0,3,1,0,0,0,,0,0,1,0,,0,2018-01-04 12:00:00,,,,,,,,,,,0,0,0,0,,0,0,1,,,0,,0,,,,0,,,,0,,,0,,0,,,,,,,,,0,0,0,,,,,,,,,,,,0,0,0,1,3,1,1,0,0,0,1,0,0,,,,,,,,,0,,0,0,0,,1,,,,0,0,,0,,0,0,,0,,,1,,0,0,0,0,0,0,0,0,0,,0,,,0,0,0,30,,0,0,,,2017-10-05 09:44:44,2017-10-10 08:45:17,
0,1,1,5,1,0,0,,2,0,,0,0,0,,,0,0,,,0,CLI555,,,0,0,,2,0,0,0,0,0,0,,,0,,0,2017-09-13 10:10:33,0,,0,30,1,0,0,,0,0,,0,,Int,0,0,555 Cliftonville,Northampton,Northampton,Northamptonshire,NN1 5BE,71,0,,,,,,,,,,,,1,,0,,,,,,,,,0,,0,300,1,130,1,25,1,75,0,0,0,3,0,,0,,20,2,0,1,0,1,0,0,3,1,1,0,0,,0,1,0,0,,0,2018-01-10 12:00:00,,,,,,,,,,,0,0,0,0,,0,0,1,,,0,,0,,,,0,,,,0,,,0,,0,,,,,,,,,0,0,0,,,,,,,,,,,,0,0,0,0,1,0,0,1,0,1,1,0,0,,,,,,,,,0,,0,0,0,,1,,,,0,0,,0,,0,0,,0,,,1,,0,0,0,0,0,0,0,0,0,,0,,,0,0,0,30,,0,0,,,2017-10-06 10:00:44,2017-10-06 11:30:40,
0,1,1,5,1,0,0,,2,0,,0,0,0,,,0,0,,,0,UNNRO2,,,0,0,,2,0,0,0,0,0,0,,,0,,0,2017-09-14 03:45:43,0,,0,30,1,0,0,,0,0,,0,,Int,0,0,2 Unnamed Road,Deerhurst,Gloucester,Gloucestershire,GL19 4BX,71,0,,,,,,,,,,,,1,,0,,,,,,,,,0,,0,800,1,130,1,25,1,75,0,0,0,3,0,,0,,20,4,1,0,0,0,0,0,3,1,1,0,0,,1,0,0,0,,0,2018-02-11 12:00:00,,,,,,,,,,,0,0,0,0,,0,0,1,,,0,,0,,,,0,,,,0,,,0,,0,,,,,,,,,0,0,0,,,,,,,,,,,,0,0,0,1,1,0,0,1,0,0,1,1,0,,,,,,,,,0,,0,0,0,,1,,,,0,0,,0,,0,0,,0,,,1,,0,0,0,0,0,0,0,0,0,,0,,,0,0,0,30,,0,0,,,2017-10-10 06:49:35,2017-10-10 06:49:35,
0,1,1,5,1,0,0,,2,0,,0,0,0,,,0,0,,,0,LIN157,,,0,0,,2,0,0,0,0,0,0,,,0,,0,2017-09-15 06:48:11,0,,0,30,1,0,0,,0,0,,0,,Int,0,0,157 Links Street,Kirkcaldy,Kirkcaldy,Fife,KY1 1QR,69,0,,,,,,,,,,,,1,,0,,,,,,,,,0,,0,4000,1,130,1,25,1,75,0,0,0,3,0,,0,,20,2,0,1,0,0,0,0,3,1,1,0,0,,0,1,0,0,,0,2018-02-14 12:00:00,,,,,,,,,,,0,0,0,0,,0,0,1,,,0,,0,,,,0,,,,0,,,0,,0,,,,,,,,,0,0,0,,,,,,,,,,,,0,0,0,1,2,1,1,0,0,0,1,0,0,,,,,,,,,0,,0,0,0,,1,,,,0,0,,0,,0,0,,0,,,1,,0,0,0,0,0,0,0,0,0,,0,,,0,0,0,30,,0,0,,,2017-10-11 07:56:03,2017-10-11 07:56:03,
0,1,1,5,1,0,0,,2,0,,0,0,0,,,0,0,,,0,PORSQU,,,0,0,,2,0,0,0,0,0,0,,,0,,0,2017-09-15 10:54:04,0,,0,30,1,0,0,,0,0,,0,,Pro,0,0,Portland Square Lane North,Plymouth,Plymouth,Plymouth,PL4,68,0,,,,,,,,,,,,1,,0,,,,,,,,,0,,0,1300,1,130,1,25,1,75,0,0,0,3,0,,0,,20,2,1,0,0,0,0,0,3,1,1,0,0,,1,0,1,0,,1,2018-02-21 12:00:00,,,,,,,,,,,0,0,0,0,,0,0,1,,,0,,0,,,,0,,,,0,,,0,,0,,,,,,,,,0,0,0,,,,,,,,,,,,0,0,0,1,1,0,0,1,0,0,1,0,0,,,,,,,,,0,,0,0,0,,1,,,,0,0,,0,,0,0,,0,,,1,,0,0,0,0,0,0,0,0,0,,0,,,0,0,0,30,,0,0,,,2017-10-11 11:04:06,2017-10-11 11:04:06,
0,1,1,5,1,0,0,,2,0,,0,0,0,,,0,0,,,0,KILTE8,,,0,0,,2,0,0,0,0,0,0,,,0,,0,2017-09-25 20:55:58,0,,0,30,1,0,0,,0,0,,0,,Int,0,0,8 Killyon Terrace,London,London,Greater London,SW8 2XR,68,0,,,,,,,,,,,,1,,0,,,,,,,,,0,,0,550,1,130,1,25,1,75,0,0,0,3,0,,0,,20,3,0,1,1,1,0,0,3,1,0,0,0,,0,0,0,0,,1,2018-04-22 12:00:00,,,,,,,,,,,0,0,0,0,,0,0,1,,,0,,0,,,,0,,,,0,,,0,,0,,,,,,,,,0,0,0,,,,,,,,,,,,0,0,0,0,1,0,0,1,0,1,1,0,0,,,,,,,,,0,,0,0,0,,1,,,,0,0,,0,,0,0,,0,,,1,,0,0,0,0,0,0,0,0,0,,0,,,0,0,0,30,,0,0,,,2017-10-11 12:01:11,2017-10-11 12:34:49,
0,1,1,5,1,0,0,,2,0,,0,0,0,,,0,0,,,0,MERS48,,,0,0,,2,0,0,0,0,0,0,,,0,,0,2017-09-27 12:51:09,0,,0,30,1,0,0,,0,0,,0,,Int,0,0,48-58 Merseyway,Stockport,Stockport,Greater Manchester,SK1 1SZ,70,0,,,,,,,,,,,,1,,0,,,,,,,,,0,,0,300,1,130,1,25,1,75,0,0,0,3,0,,0,,20,1,0,1,0,0,0,0,3,1,1,0,0,,1,0,1,0,,1,2018-03-13 12:00:00,,,,,,,,,,,0,0,0,0,,0,0,1,,,0,,0,,,,0,,,,0,,,0,,0,,,,,,,,,0,0,0,,,,,,,,,,,,0,0,0,1,3,0,0,1,0,0,1,0,0,,,,,,,,,0,,0,0,0,,1,,,,0,0,,0,,0,0,,0,,,1,,0,0,0,0,0,0,0,0,0,,0,,,0,0,0,30,,0,0,,,2017-10-11 13:23:15,2017-10-11 13:23:15,
0,1,1,5,1,0,0,,2,0,,0,0,0,,,0,0,,,0,SCHW21,,,0,0,,2,0,0,0,0,0,0,,,0,,0,2017-09-27 14:42:54,0,,0,30,1,0,0,,0,0,,0,,Int,0,0,21 Scholars Walk,Guildford,Guildford,Surrey,GU2 7TR,69,0,,,,,,,,,,,,1,,0,,,,,,,,,0,,0,800,1,130,1,25,1,75,0,0,0,3,0,,0,,20,2,0,1,1,0,0,0,3,1,1,0,0,,0,1,1,0,,0,2018-01-10 12:00:00,,,,,,,,,,,0,0,0,0,,0,0,1,,,0,,0,,,,0,,,,0,,,0,,0,,,,,,,,,0,0,0,,,,,,,,,,,,0,0,0,1,1,0,1,0,0,0,1,0,0,,,,,,,,,0,,0,0,0,,1,,,,0,0,,0,,0,0,,0,,,1,,0,0,0,0,0,0,0,0,0,,0,,,0,0,0,30,,0,0,,,2017-09-04 11:37:25,2017-09-04 11:37:25,
0,1,1,5,1,0,0,,2,0,,0,0,0,,,0,0,,,0,DERR20,,,0,0,,2,0,0,0,0,0,0,,,0,,0,2017-09-28 12:57:36,0,,0,30,1,0,0,,0,0,,0,,Int,0,0,20 Derrymore Road,Willerby,Hull,East Riding of Yorkshire,HU10 6ES,69,0,,,,,,,,,,,,1,,0,,,,,,,,,0,,0,1600,1,130,1,25,1,75,0,0,0,3,0,,0,,20,1,0,1,0,1,0,0,3,1,0,0,0,,1,0,1,0,,1,2018-02-11 12:00:00,,,,,,,,,,,0,0,0,0,,0,0,1,,,0,,0,,,,0,,,,0,,,0,,0,,,,,,,,,0,0,0,,,,,,,,,,,,0,0,0,0,2,1,1,0,0,1,1,1,0,,,,,,,,,0,,0,0,0,,1,,,,0,0,,0,,0,0,,0,,,1,,0,0,0,0,0,0,0,0,0,,0,,,0,0,0,30,,0,0,,,2017-09-11 11:43:10,2017-09-11 11:43:10,
0,1,1,5,1,0,0,,2,0,,0,0,0,,,0,0,,,0,WOOR30,,,0,0,,2,0,0,0,0,0,0,,,0,,0,2017-09-29 17:50:24,0,,0,30,1,0,0,,0,0,,0,,Int,0,0,30 Woodcroft Road,Wylam,Wylam,Northumberland,NE41 8DH,71,0,,,,,,,,,,,,1,,0,,,,,,,,,0,,0,1700,1,130,1,25,1,75,0,0,0,3,0,,0,,20,2,0,1,1,0,0,0,3,1,1,0,0,,0,1,0,0,,0,2018-02-14 12:00:00,,,,,,,,,,,0,0,0,0,,0,0,1,,,0,,0,,,,0,,,,0,,,0,,0,,,,,,,,,0,0,0,,,,,,,,,,,,0,0,0,1,1,0,0,1,0,0,1,0,0,,,,,,,,,0,,0,0,0,,1,,,,0,0,,0,,0,0,,0,,,1,,0,0,0,0,0,0,0,0,0,,0,,,0,0,0,30,,0,0,,,2017-09-13 10:15:44,2017-09-13 10:15:44,
0,1,1,5,1,0,0,,2,0,,0,0,0,,,0,0,,,0,BY110,,,0,0,,2,0,0,0,0,0,0,,,0,,0,2017-09-29 17:50:57,0,,0,30,1,0,0,,0,0,,0,,Pro,0,0,B5110,,Marianglas,Isle of Anglesey,LL73 8NY,70,0,,,,,,,,,,,,1,,0,,,,,,,,,0,,0,1800,1,130,1,25,1,75,0,0,0,3,0,,0,,20,3,0,1,0,0,0,0,3,1,0,0,0,,1,0,1,0,,1,2018-02-12 12:00:00,,,,,,,,,,,0,0,0,0,,0,0,1,,,0,,0,,,,0,,,,0,,,0,,0,,,,,,,,,0,0,0,,,,,,,,,,,,0,0,0,1,1,0,0,1,0,1,1,0,0,,,,,,,,,0,,0,0,0,,1,,,,0,0,,0,,0,0,,0,,,1,,0,0,0,0,0,0,0,0,0,,0,,,0,0,0,30,,0,0,,,2017-09-04 11:37:24,2017-09-04 11:37:24,
0,1,1,5,1,0,0,,2,0,,0,0,0,,,0,0,,,0,HOLLA6,,,0,0,,2,0,0,0,0,0,0,,,0,,0,2017-09-29 18:03:03,0,,0,30,1,0,0,,0,0,,0,,Int,0,0,6 Hollings Lane,Ravenfield,Rotherham,South Yorkshire,S65 4PU,69,0,,,,,,,,,,,,1,,0,,,,,,,,,0,,0,300,1,130,1,25,1,75,0,0,0,3,0,,0,,20,2,0,1,0,0,0,0,3,1,1,0,0,,1,1,0,0,,1,2018-02-18 12:00:00,,,,,,,,,,,0,0,0,0,,0,0,1,,,0,,0,,,,0,,,,0,,,0,,0,,,,,,,,,0,0,0,,,,,,,,,,,,0,0,0,1,3,0,0,1,0,0,1,0,0,,,,,,,,,0,,0,0,0,,1,,,,0,0,,0,,0,0,,0,,,1,,0,0,0,0,0,0,0,0,0,,0,,,0,0,0,30,,0,0,,,2017-09-11 11:43:09,2017-09-11 11:43:09,
0,1,1,5,1,0,0,,2,0,,0,0,0,,,0,0,,,0,TWOCL3,,,0,0,,2,0,0,0,0,0,0,,,0,,0,2017-09-29 19:25:12,0,,0,30,1,0,0,,0,0,,0,,Int,0,0,3 Twomey Close,Liverpool,Liverpool,Merseyside,L5 8XZ,70,0,,,,,,,,,,,,1,,0,,,,,,,,,0,,0,800,1,130,1,25,1,75,0,0,0,3,0,,0,,20,3,1,0,0,0,0,0,3,1,1,0,0,,0,0,0,0,,0,2018-02-21 12:00:00,,,,,,,,,,,0,0,0,0,,0,0,1,,,0,,0,,,,0,,,,0,,,0,,0,,,,,,,,,0,0,0,,,,,,,,,,,,0,0,0,1,1,0,1,0,0,0,1,0,0,,,,,,,,,0,,0,0,0,,1,,,,0,0,,0,,0,0,,0,,,1,,0,0,0,0,0,0,0,0,0,,0,,,0,0,0,30,,0,0,,,2017-09-13 10:15:43,2017-09-13 10:15:43,
0,1,1,5,1,0,0,,2,0,,0,0,0,,,0,0,,,0,WIL476,,,0,0,,2,0,0,0,0,0,0,,,0,,0,2017-10-02 12:40:42,0,,0,30,1,0,0,,0,0,,0,,Int,0,0,476 Willow Walk,London,London,Greater London,SE1,14,0,,,,,,,,,,,,1,,0,,,,,,,,,0,,0,300,1,130,1,25,1,75,0,0,0,3,0,,0,,20,2,1,0,0,0,0,0,3,1,1,0,0,,0,0,0,0,,0,2018-04-22 12:00:00,,,,,,,,,,,0,0,0,0,,0,0,1,,,0,,0,,,,0,,,,0,,,0,,0,,,,,,,,,0,0,0,,,,,,,,,,,,0,0,0,1,1,0,0,1,0,0,1,0,0,,,,,,,,,0,,0,0,0,,1,,,,0,0,,0,,0,0,,0,,,1,,0,0,0,0,0,0,0,0,0,,0,,,0,0,0,30,,0,0,,,2017-09-14 03:48:29,2017-09-14 03:48:29,
0,1,1,5,1,0,0,,2,0,,0,0,0,,,0,0,,,0,LEO151,,,0,0,,2,0,0,0,0,0,0,,,0,,0,2017-10-05 17:38:26,0,,0,30,1,0,0,,0,0,,0,,Pro,0,0,151 Leomansley View,Lichfield,Lichfield,Staffordshire,WS13 8AU,13,0,,,,,,,,,,,,1,,0,,,,,,,,,0,,0,800,1,130,1,25,1,75,0,0,0,3,0,,0,,20,3,0,1,0,1,0,0,3,1,0,0,0,,0,1,1,0,,0,2018-03-13 12:00:00,,,,,,,,,,,0,0,0,0,,0,0,1,,,0,,0,,,,0,,,,0,,,0,,0,,,,,,,,,0,0,0,,,,,,,,,,,,0,0,0,0,3,1,1,0,0,0,1,0,0,,,,,,,,,0,,0,0,0,,1,,,,0,0,,0,,0,0,,0,,,1,,0,0,0,0,0,0,0,0,0,,0,,,0,0,0,30,,0,0,,,2017-09-15 07:07:46,2017-09-15 07:07:46,
0,1,1,5,1,0,0,,2,0,,0,0,0,,,0,0,,,0,SAIJA2,,,0,0,,2,0,0,0,0,0,0,,,0,,0,2017-10-06 17:29:48,0,,0,30,1,0,0,,0,0,,0,,Int,0,0,2 Saint James Road,Prescot,Prescot,Merseyside,L34 5SU,53,0,,,,,,,,,,,,1,,0,,,,,,,,,0,,0,575,1,130,1,25,1,75,0,0,0,3,0,,0,,20,4,0,1,0,0,0,0,3,1,1,0,0,,1,0,0,0,,0,2017-12-11 12:00:00,,,,,,,,,,,0,0,0,0,,0,0,1,,,0,,0,,,,0,,,,0,,,0,,0,,,,,,,,,0,0,0,,,,,,,,,,,,0,0,0,1,1,0,0,1,0,0,1,0,0,,,,,,,,,0,,0,0,0,,1,,,,0,0,,0,,0,0,,0,,,1,,0,0,0,0,0,0,0,0,0,,0,,,0,0,0,30,,0,0,,,2017-09-15 10:58:19,2017-09-15 10:58:19,
0,1,1,5,1,0,0,,2,0,,0,0,0,,,0,0,,,0,UNNRO1,,,0,0,,2,0,0,0,0,0,0,,,0,,0,2017-10-10 14:47:59,0,,0,30,1,0,0,,0,0,,0,,Pro,0,0,1 Unnamed Road,,Isle of North Uist,Na h-Eileanan an Iar,HS6 5HG,25,0,,,,,,,,,,,,1,,0,,,,,,,,,0,,0,850,1,130,1,25,1,75,0,0,0,3,0,,0,,20,1,1,0,1,0,0,0,3,1,1,0,0,,0,1,0,0,,0,2017-12-14 12:00:00,,,,,,,,,,,0,0,0,0,,0,0,1,,,0,,0,,,,0,,,,0,,,0,,0,,,,,,,,,0,0,0,,,,,,,,,,,,0,0,0,1,1,0,0,1,0,1,1,0,0,,,,,,,,,0,,0,0,0,,1,,,,0,0,,0,,0,0,,0,,,1,,0,0,0,0,0,0,0,0,0,,0,,,0,0,0,30,,0,0,,,2017-09-25 12:58:40,2017-09-25 12:58:40,
0,1,1,5,1,0,0,,2,0,,0,0,0,,,0,0,,,0,FARB17,,,0,0,,2,0,0,0,0,0,0,,,0,,0,2017-10-11 15:47:31,0,,0,30,1,0,0,,0,0,,0,,Int,0,0,127 Farley Bank,Hastings,Hastings,East Sussex,TN35 5QB,45,0,,,,,,,,,,,,1,,0,,,,,,,,,0,,0,325,1,130,1,25,1,75,0,0,0,3,0,,0,,20,2,0,1,1,1,0,0,3,1,0,0,0,,1,0,1,0,,0,2017-12-13 12:00:00,,,,,,,,,,,0,0,0,0,,0,0,1,,,0,,0,,,,0,,,,0,,,0,,0,,,,,,,,,0,0,0,,,,,,,,,,,,0,0,0,0,4,0,0,1,0,0,1,0,0,,,,,,,,,0,,0,0,0,,1,,,,0,0,,0,,0,0,,0,,,1,,0,0,0,0,0,0,0,0,0,,0,,,0,0,0,30,,0,0,,,2017-09-27 06:42:32,2017-09-27 06:42:32,
0,1,1,5,1,0,0,,2,0,,0,0,0,,,0,0,,,0,PARST3,,,0,0,,2,0,0,0,0,0,0,,,0,,0,2017-10-11 19:01:34,0,,0,30,1,0,0,,0,0,,0,,Int,0,0,3 Paramour Street,Ash,Canterbury,Kent,CT3 2NE,53,0,,,,,,,,,,,,1,,0,,,,,,,,,0,,0,400,1,130,1,25,1,75,0,0,0,3,0,,0,,20,3,1,0,0,0,0,0,3,1,1,0,0,,1,1,0,0,,1,2017-12-28 12:00:00,,,,,,,,,,,0,0,0,0,,0,0,1,,,0,,0,,,,0,,,,0,,,0,,0,,,,,,,,,0,0,0,,,,,,,,,,,,0,0,0,1,1,0,1,0,0,1,1,1,0,,,,,,,,,0,,0,0,0,,1,,,,0,0,,0,,0,0,,0,,,1,,0,0,0,0,0,0,0,0,0,,0,,,0,0,0,30,,0,0,,,2017-09-27 06:46:49,2017-09-27 06:46:49,
0,1,1,5,1,0,0,,2,0,,0,0,0,,,0,0,,,0,HEOLY23,,,0,0,,2,0,0,0,0,0,0,,,0,,0,2017-10-11 19:24:06,0,,0,30,1,0,0,,0,0,,0,,Int,0,0,23 Heol-Y-Dderwen,Nantgarw,Cardiff,Rhondda Cynon Taff,CF15 7UJ,64,0,,,,,,,,,,,,1,,0,,,,,,,,,0,,0,1500,1,130,1,25,1,75,0,0,0,3,0,,0,,20,4,0,1,0,0,0,0,3,1,1,0,0,,0,0,0,0,,1,2017-11-20 12:00:00,,,,,,,,,,,0,0,0,0,,0,0,1,,,0,,0,,,,0,,,,0,,,0,,0,,,,,,,,,0,0,0,,,,,,,,,,,,0,0,0,1,1,1,1,0,0,1,1,0,0,,,,,,,,,0,,0,0,0,,1,,,,0,0,,0,,0,0,,0,,,1,,0,0,0,0,0,0,0,0,0,,0,,,0,0,0,30,,0,0,,,2017-09-28 05:01:37,2017-09-28 05:01:37,
