PlebIdno,Deleted,Deletereason,Lock,DateAdded,AddedBy,Managedby,Type,Title,Forename,Surname,2Title,2Forename,2Surname,Addr1,Addr2,Addr3,Addr4,PostCode,2Addr1,2Addr2,2Addr3,2Addr4,2Postcode,Telhome,Telwork,Telmobile,Email,Source,Progress,NextContact,Timeadded,Overseas,Overseasnotes,Mailshot,Planorland,Blockletters,Deal,Siteoffice,Buying,Dealnotes,Buyaim
608,TRUE,,0,3-31-2008,1,30,2,Mr,Paul,Ginty,,,,8 Pheasant Grove,Werrington,Peterborough,,PE4 5BG,,,,,,,,07852 540139,paul.ginty@bakerperkinsgroup.com,26,"17/11/2010 13:27:01 ************ ADDED AS A LANDLORD  - Please Check Before Calling_x000d_
_x000d_
PO - 11/11/2010 14:35:26 - a few days off finishing. _x000d_
PO - 02/11/2010 15:27:19 - LM for LL_x000d_
PO - 06/10/2010 10:17:16 - decorating being done, chap doing it then LL carpets, finish off and sort carpets. Hopes to be done in next few weeks._x000d_
PO - 06/10/2010 10:16:13 - I rang again this am and LM._x000d_
PO - 06/10/2010 10:15:00 - ret call while I was out yesterday ""Called in regards to your message yesterday, hes nearly there but not quite, asking if you can return his call. He said he can pop in on Friday for a chat with you if your available."" _x000d_
PO - 04/10/2010 13:55:39 - LM for LL_x000d_
PO - 10/08/2010 16:56:43 - 500 try 525 12 + 2%. LL finishing off and will let us know._x000d_
MT - 03/08/2010 16:47:28 - hod did valuation go._x000d_
MT - 03/08/2010 16:44:54 - RANG IN OUT OF THE BLUE._x000d_
JF - 04/11/2009 15:31:26 - LM second No contact_x000d_
JF - 20/10/2009 12:00:33 - lm 1st No contact_x000d_
MT - 01/09/2009 14:35:29 - will call us start of October 2009_x000d_
MT - 01/09/2009 14:34:50 - currently getting somewhere, plastering at present_x000d_
JF - 01/07/2009 13:49:29 - over next 2 months will try and get property cleared, he is doing work on his girlfriends property _x000d_
MT - 29/04/2009 10:28:39 - Still no further forward, will happen , so call in three months_x000d_
CJ - 14/04/2009 15:37:54 - left message for update_x000d_
MT - 30/03/2009 13:41:20 - left message for an update_x000d_
CJ - 15/12/2008 16:05:35 - said call back in march_x000d_
CP - 15/09/2008 09:59:47 - Still not decided._x000d_
CP - 15/08/2008 16:24:25 - Still not started upgrading..._x000d_
MT - 25/04/2008 12:08:48 - still interested, 6 months time_x000d_
MT - 25/04/2008 11:58:37 - mt left a message _x000d_
KB - 31/03/2008 09:57:16 - Saw DTC.  GCH UPVC bar one window on the landing.  Ne wkitchen one year ago.  Considering new bathroom.  He is moving in with his g/f.  Not concerned about empty periods.  Happy to have it empty for periods as he does it up to our standards.  Took pack and DTC advised Mr Ginty to call us and suggests we call in April if we have heard nothing - to arrange a viewing.",11-28-2100,,0,,0,1,0,1,0,0,,
609,TRUE,12,0,6-14-2008,3,30,3,Mr,Zulfikar,Osman,,,,525 Oundle Road,Orton Longueville,Peterborough,Cambs,PE2 7DH,,,,,,,,07734 889422,,37,"JF - 08/06/2009 13:17:44 - rented ingleborough to a wifes friend, he has a property in Park road that needs work doing to it, he will call us if he needs help letting it._x000d_
MT - 02/04/2009 10:15:02 - _x000d_
MT - 02/04/2009 10:10:45 - work going slower than expected . Call in acouple of months. 2 bed flt in Ingleborough may be on for a placement_x000d_
MT - 12/01/2009 15:25:56 - not ready for a few more months_x000d_
MT - 26/09/2008 16:57:40 - 6 flats being refurbished. Ready begininnog January 2009_x000d_
MT - 18/09/2008 11:12:52 - phone not connecting_x000d_
CP - 15/08/2008 16:10:11 - Rented out privatly- might use us with others in his portfolio. _x000d_
MT - 10/07/2008 12:30:13 - will think about us_x000d_
MT - 14/06/2008 21:57:12 - enquired about 10 Ingleborough which he owns . A 2 bed which he may want to rent out. Also said he has 10 properties in Orton Goldhay. Sent a pack",10-1-2100,,0,,0,1,0,1,0,0,,
610,TRUE,,0,6-25-2008,1,16,2,Ms,Catherine,Fryers,,,,85 Eagle Way,Hampton Vale,Peterborough,Cambs,PE7 8EL,,,,,,,,07812 601257,,26,"MT - 12/01/2017 09:56:30 - Wake Up letter sent_x000d_
MT - 16/06/2016 11:02:09 - Wake Up letter sent_x000d_
MT - 18/11/2015 09:59:16 - Wake Up letter sent_x000d_
POD - 22/04/2015 09:12:23 - Wake Up letter sent_x000d_
MT - 28/10/2014 17:42:13 - Wake Up letter sent_x000d_
MT - 27/10/2014 14:48:18 - NO E-MAIL_x000d_
CJ - 06/05/2009 14:27:37 - lm to call us_x000d_
KB - 31/10/2008 09:10:16 - Met the other half of the partnership.  Not letting till the summer so advised will call May 09_x000d_
KB - 25/06/2008 13:19:21 - Viewed property 3 doubles (ensuite to main) one single.  GF: w/c, kitchen with bay window dining area plus separate dining room.  Lounge 1st floor Juliet balcony.  Main bed 1st floor with ensuite.  2nd floor bathroom, two doubles and small  single £895.  Work to do decoration and flooring.  Gave Carlos number to see if carpets will clean.  Will let in January.  Agreed a call for end October",8-10-2017,,0,,0,1,0,1,0,0,,
611,TRUE,,0,7-10-2008,1,16,3,Miss,Laura,Denney,,,,2 Ladybower Way,Gunthorpe,Peterborough,Cambs,PE4 7DJ,,,,,,01733 579489,,,,26,"MT - 12/01/2017 09:55:33 - Wake Up letter sent_x000d_
MT - 16/06/2016 11:01:19 - Wake Up letter sent_x000d_
MT - 18/11/2015 09:58:08 - Wake Up letter sent_x000d_
POD - 22/04/2015 09:12:48 - Wake Up letter sent_x000d_
MT - 28/10/2014 13:46:57 - Wake Up letter sent_x000d_
CJ - 14/04/2009 15:36:01 - does not require us at mo will call us._x000d_
MT - 23/03/2009 16:56:08 - left 2nd message for another update_x000d_
MT - 03/03/2009 12:33:51 - a/m left for an update_x000d_
CJ - 02/02/2009 16:14:59 - found again will call us wants new valuation letter._x000d_
MT - 30/09/2008 09:52:33 - purchase now not gone through. So looking to buy again before can rent out_x000d_
CP - 09/09/2008 11:05:42 - lm re progress_x000d_
KB - 10/07/2008 15:09:48 - Viewed on 9th.  Very nice house - valued £695 max.",8-10-2017,,0,,0,1,0,1,0,0,,
612,TRUE,2,0,10-9-2008,38,30,3,Ms,Angela,Downing,,,,36 Muskham,South Bretton,Peterborough,Cambs,PE3 9XU,,,,,,1733331623,,,angela.26@btinternet.com,5,"02/09/2009 10:00:50 ************ ADDED AS A LANDLORD  - Please Check Before Calling_x000d_
_x000d_
MT - 26/08/2009 14:23:59 - message to KB about how viewing went_x000d_
RU - 22/08/2009 10:51:42 - Spoke to LL general call re the viewing of the property wants to know if best to market as a 3 bed as she would like as little void as possible.  Advised KB will be able to advise better once he has seen the property._x000d_
KB - 19/08/2009 13:58:24 - Has purchased 4 bed semi in 2 Balmoral Road, Walton.  Was a 3 bed but extended over garage to provide fourth bedroom.  Vendors still lve there - moving to a new build in September.  Agreed to call them and arrange a look then call Angela to appraise rental value.  Angela is realistic and suggested making it 3 bed money to get it let.  Occupants Ian and Maria 07889 006662 01733 760287_x000d_
CJ - 06/08/2009 15:50:35 - LM RE PROCEEDING_x000d_
MT - 17/06/2009 13:00:15 - rang fro further advice on Arundel Road. MT gave her info on this_x000d_
JF - 02/06/2009 11:17:54 - she boughto 2 balmoral road in walton, pe4 (one that we haven't been out to view). It’s a semi detached and extended 4 bed. Her tenant is buying a new build, which has been delayed, it is looking that he will now move out end of July/ August time. She will call us when her tenant has given notice as she wants our take on what best to do, ( she is thinking of adding a ground floor cloakroom._x000d_
CP - 18/05/2009 15:36:43 - Looks like her T will be leaving at the end of July, call in 2 weeks to get this confirmed._x000d_
KB - 18/03/2009 10:43:10 - Call to see if any progress with purchase and if vendor will be moving out as planned_x000d_
CJ - 12/12/2008 15:51:28 - orwelll grove fell through, now buying another but owner going to rent off her until june call mid may_x000d_
KB - 12/11/2008 12:42:53 - KB viewed 28/10/08.  Suggested max £595 and some works including new kitchen.  Brightmoves flyer in back part of PLANS folder._x000d_
_x000d_
Spoke to Angela today and the seller has problems getting a loan to cover the negative equity so a bit slow progress at moment.  Call in a month_x000d_
_x000d_
CJ - 09/10/2008 13:22:38 - mt emailed asked her to contact us.",10-28-2100,,0,,0,1,0,1,0,0,,
613,TRUE,,0,10-11-2008,1,16,2,Miss,Lisa,Langley,,,,15 Pyhill,Bretton,Peterborough,Cambs,PE3 8QJ,,,,,,,,07762 722237,,23,"MT - 14/03/2017 10:45:44 - Wake Up letter sent_x000d_
MT - 13/08/2016 09:16:10 - Wake Up letter sent_x000d_
MT - 08/01/2016 16:07:53 - Wake Up letter sent_x000d_
POD - 14/05/2015 09:11:51 - Wake Up letter sent_x000d_
MT - 29/10/2014 15:34:37 - Wake Up letter sent_x000d_
CJ - 02/09/2009 14:31:23 - not ready will def call us when wants to let it_x000d_
CJ - 04/08/2009 15:50:41 - not ready_x000d_
JF - 02/06/2009 11:38:21 - not in a rush at all to rent the property, it is on her to do list._x000d_
MT - 24/03/2009 14:02:37 - still getting on with the work. She will contact us soon probably before the end of May_x000d_
MT - 05/02/2009 14:02:39 - Returning your call re property in Pyhill. She is not ready to let at the moment, will be looking at getting the bathroom done in the near future. Will call back when ready._x000d_
MT - 05/02/2009 13:27:11 - l/m for her to call us_x000d_
CJ - 15/12/2008 16:07:10 - lm to see how getting on_x000d_
MT - 11/11/2008 10:40:00 - probbaly will need us. Sorting bathroom out. Timescale probably next year_x000d_
KB - 11/10/2008 17:25:58 - Viewed Sat 10.10.08 - 2 bed end of terrace overlooking trees and park.  Nicely turned out.  Lisa is working in London a lot and thinking about letting as it makes more financial snse.  Needs the bathroom re-tiling and a flooring and a shower installing - off taps was suggested if a new spur is needed.  Suggested max £550 but possibly £540.  Agreed to call in a months time to see if she has decided.  Also - garage adjoined to garden wall with gate access. 12% agreed.",10-10-2017,,0,,0,1,0,1,0,0,,
614,TRUE,,0,10-13-2008,1,16,2,Mr,Steven,Gordon,,,,30 Lansdowne Walk,Orton Longueville,Peterborough,,PE2 7GD,,,,,,01733 706730,,07815 287036,,21,"ROB - 15/02/2017 09:43:43 - Wake Up letter sent_x000d_
MT - 20/07/2016 10:40:43 - Wake Up letter sent_x000d_
MT - 23/12/2015 09:24:34 - Wake Up letter sent_x000d_
POD - 20/05/2015 11:33:42 - Wake Up letter sent_x000d_
MT - 30/10/2014 15:23:58 - Wake Up letter sent_x000d_
JF - 18/11/2009 09:33:01 - lm awaite contact_x000d_
JF - 10/11/2009 13:29:28 - lm_x000d_
JF - 20/10/2009 12:02:10 - said don’t phone him, he will call us when finished, has quite a few jobs left to do._x000d_
JF - 06/10/2009 10:14:07 - just needing to finish off touches, doesn’t want to market until ready, should be ready to market in 2 weeks time, he will be using us._x000d_
MT - 26/08/2009 14:31:15 - still looking good for end of September. Will call us when it is half reasonable._x000d_
CJ - 14/08/2009 15:53:55 - lm_x000d_
CJ - 04/08/2009 15:31:55 - lm re call_x000d_
MT - 04/03/2009 11:18:04 - changed plan . September now to let_x000d_
CJ - 02/02/2009 16:18:12 - not ready_x000d_
CJ - 13/01/2009 14:00:01 - not ready_x000d_
MT - 02/12/2008 13:49:49 - after Christmas now._x000d_
MT - 05/11/2008 13:27:09 - not going as well as hoped. Move on till the start of December_x000d_
KB - 13/10/2008 16:21:07 - Viewed.  He didn’t know what kind of Tenants there are in PB and who we deal with but quickly decided he needs to upgrade the place when I told him.  Saqid market initially at £525 but possibly £495 would be the rent.  12% agreed.  He is moving to spain at the end of November.  Starting renovation agreed we call in 3 weeks to see if ready for marketing._x000d_
_x000d_
Property post code, PE2 7GD - 2 bed house - will be unfurnished, knackered cooker to be thrown out, cooker could be provided if necessary - available end of Nov, possibly earlier - saw ""Another Let"" go up very quickly at No.34 (+ has seen this elsewhere around the city) - him & his partner are looking to move out to Spain",9-13-2017,,0,,0,1,0,1,0,0,,
615,TRUE,,0,10-15-2008,1,30,6,Mrs,Sarah,Beer,,,,Willow View,Aislaby Road,Eaglescliffe,Stockton On Tees,TS16 0JJ,,,,,,01642 791823,,,,26,"MT - 28/10/2014 13:28:00 - NO E-MIAL_x000d_
JF - 02/06/2009 11:12:47 - lm_x000d_
CP - 18/05/2009 15:27:15 - LM_x000d_
CJ - 30/04/2009 15:49:23 - left message_x000d_
CJ - 16/04/2009 16:17:04 - left message_x000d_
MT - 02/04/2009 11:04:04 - mt left a message_x000d_
MT - 18/03/2009 10:26:35 - Call 24th to see if work started and any decision_x000d_
MT - 02/03/2009 15:15:01 - will be down in next three weeks _x000d_
MT - 24/02/2009 15:48:19 - l/m re call us_x000d_
CJ - 02/02/2009 16:01:45 - spoke will call when here_x000d_
MT - 12/01/2009 15:37:19 - will be coming down soon and will call us to value when they do_x000d_
MT - 12/01/2009 15:34:14 - not decided yet_x000d_
MT - 24/11/2008 16:12:29 - may well need to rent as cannot sell at the moment. Still thinking about it. Will call us in the new year as property not empty yet_x000d_
MT - 17/11/2008 16:43:30 - m,essage left fo a call back_x000d_
KB - 15/10/2008 11:33:32 - Inhereted large 2 bed detached in Harewood Gardens from her Mum.  Needs new kitchen and replacement heating (currently warm air).  Some decoration and flooring.  Agreed 11% and £600 ish.  Extremely nice lady - spent a long time talking about tenant selection and her obligations.  Expect to let for a couple of years or until the market turns round.  No mortgage so also discussed her seeking to establish a BTL mortgage to avoid the tax issue.  Husband retired.  Agreed to call in 4 weeks.",11-1-2100,,0,,0,1,0,1,0,0,,
616,TRUE,,0,11-12-2008,1,30,6,Mrs,,Shoulders,,,,,,,,,,,,,,01778 344393,,,,35,"CJ - 27/08/2009 16:31:06 - decided to sell it_x000d_
CJ - 07/08/2009 15:08:59 - lm for update_x000d_
CJ - 28/07/2009 14:10:44 - lm for update_x000d_
JF - 08/06/2009 13:38:02 - Still ongoing for power of eterney, the courts are been really slow, she will call us when they hear anything._x000d_
CP - 13/05/2009 13:14:55 - LMAO_x000d_
MT - 10/03/2009 11:59:42 - still ongoing and will let us know when it goes through. Call in acouple of months_x000d_
CJ - 02/02/2009 16:42:46 - not yet_x000d_
CJ - 12/12/2008 16:56:48 - has to get an enduring power of eterney for mother so call end jan_x000d_
KB - 12/11/2008 12:21:48 - Viewed - VERY old fashined.  Works agreed is it is to let.  Move kitchen to dining room and convert small kitchen @ rear to utility.  Parent in care and need to let to fund care.  Said would call in a month or so as they have a lot to think about.  Rent about £475",10-31-2100,,0,,0,1,0,1,0,0,,
617,TRUE,,0,11-12-2008,38,30,2,Mr,,Woods,,,,96 Churchfield Road,Walton,Peterborough,,PE4 6HE,,,,,,,,7899751140,,21,"JF - 12/10/2009 15:35:35 - sold twice over last 3 months and has an offer on the table at the moment that will probably take. Not wanting to rent out if don’t have to._x000d_
JF - 20/07/2009 13:18:39 - decided that he is going to sell the property rather than let. Will diarise to call in 3 months time to see if property sold._x000d_
MT - 17/06/2009 10:26:44 - l/m for an update_x000d_
JF - 08/06/2009 13:54:58 - Left a message to call back._x000d_
MT - 02/04/2009 10:07:30 - stil has not finished. Lost job so going slower than thought_x000d_
MT - 06/03/2009 15:30:24 - still working on it_x000d_
MT - 16/02/2009 10:45:08 - still have not got the property finished. Estimated timescale not sure_x000d_
CJ - 02/02/2009 16:46:52 - lm_x000d_
CJ - 13/12/2008 11:26:56 - not secured his new property yet call him end jan",10-31-2100,,0,,0,1,0,1,0,0,,
618,TRUE,2,0,11-13-2008,1,30,3,Mr,Peter,Coles,,,,,,,,,,,,,,,,07929 404161,,24,"CP - 22/04/2009 15:55:35 - Wants us to market 23 stonehouse road._x000d_
KB - 06/04/2009 16:17:15 - Valued at £550 - Pete may have a private let lined up and will know within a couple of weeks.  Room sizes etc. in Pland folder @ rear section in case he decides to use us.  10%._x000d_
MT - 30/03/2009 13:36:20 - HOW DI VIEWING GO ON WEDNESDAY_x000d_
CJ - 02/02/2009 16:11:56 - now moving in himself call to rent his other one out_x000d_
CJ - 16/12/2008 13:41:03 - slow progress call in new year_x000d_
CJ - 13/12/2008 11:32:15 - spoke to an other he was drivinfg said call in the week_x000d_
KB - 13/11/2008 13:40:45 - Spacious bungalow - in need of complete refurbishment.  Will look excellent.  New flooring, kitchen, bathroom, décor and fill in the pond.  PLUS - new conservatory/utility area.  Said okay to call in a  month to see how progressing.  Maybe available after Xmas as he will be doing the work himself.  £650 (start) @ 10%",10-25-2100,,0,,0,1,0,1,0,0,,
619,TRUE,,0,11-25-2008,40,30,2,Mr,Paul,Richardson,,,,,,,,,,,,,,01832-734623,,07867-884984,,5,"MT - 27/10/2014 14:31:05 - NO E-MAIL_x000d_
DC - 21/04/2009 14:09:40 - P L/L rang in 17/04 - advised me that he'd failed to find a T, that EPC is required but he'll be organising it himself (works for the council & can get one for £40?) - he asked about Placement T & I advised him that as a charge this would be = to one months rent_x000d_
CJ - 25/03/2009 16:30:08 - was with some prospective tenants as we spoke will come back to us if wants us._x000d_
MT - 05/03/2009 15:22:59 - landlord may have let it as it is done up now._x000d_
MT - 24/02/2009 15:51:37 - l/m for update_x000d_
MT - 16/02/2009 10:21:56 - l/m re how are you doing_x000d_
MT - 12/01/2009 15:18:38 - currently working in the house _x000d_
CJ - 19/12/2008 14:45:52 - spoke call new year_x000d_
CJ - 15/12/2008 16:11:18 - lm re how getting on_x000d_
HS - 25/11/2008 15:10:52 - carried out vieiwing. Got on weel. Recommeded a lot of cosmetic improvements and shortening garden then can get £550 as basically a decnet large house. Will try and get workls done by mid December",10-4-2100,,0,,0,1,0,1,0,0,,
622,TRUE,2,0,12-10-2008,38,30,2,Miss,Kim,Campton,,,,86 Somerville,Werrington,Peterborough,Cambs,PE4 5BD,,,,,,,,7926762139,,35,"KB - 19/03/2009 08:40:07 - John going to take it on on 20th March_x000d_
KB - 17/03/2009 08:49:00 - Needs new kitchen though and Kim said her partner may be able to fit one.  Essential or no take on._x000d_
KB - 10/03/2009 14:40:30 - Viewed recently - should hear soon.  Valued at £375.  Has plans to move away - should hear about job offer this week._x000d_
MT - 16/02/2009 10:59:34 - 86 SOMERVILLE_x000d_
Sent To: MA _x000d_
_x000d_
L/L called to inform you she still has no news on a date. She will let you know as soon as._x000d_
MT - 16/02/2009 10:30:14 - left message re call us_x000d_
MT - 15/01/2009 16:04:20 - waiting for security check for job in civil service_x000d_
CJ - 10/12/2008 16:38:31 - needs to work out when leaving then will ask us to market happy for call mid jan",10-1-2100,,0,,0,1,0,1,0,0,,
623,TRUE,,0,1-5-2009,1,30,6,Mr,Terry,Dullea,,,,,,,,,,,,,,,,07816 200667,,26,"KB - 18/03/2009 10:45:10 - Next call ask if going ahead/agreement or has he decided to buy it from the others_x000d_
MT - 20/02/2009 11:23:18 - sister and brother still sorting out. Has done some work to it, but cannot do anything until brother decides_x000d_
KB - 05/01/2009 16:13:22 - Viewed on 3rd Jan.  3 bed semi - 10 yr old kitchen but okay - bathroom okay.  Suggested £575/£550.  Okay with him.  Agreed to call in two weeks as this is a shared property and he needs approval from co-owners",10-1-2100,,0,,0,1,0,1,0,0,,
624,TRUE,,0,1-9-2009,3,30,2,Mrs,Amanda,Sanderson,,,,16 Caldervale,Orton Longueville,Peterborough,Cambs,PE2 7HX,,,,,,371042,421334,,,8,"MT - 27/10/2014 14:35:08 - NO E-MILA_x000d_
CP - 22/04/2009 16:13:47 - n/r_x000d_
MT - 15/01/2009 10:46:21 - Amanda called to advise that they have decided to try and sell the property. They will call back at a later date if not successful._x000d_
MT - 14/01/2009 10:42:55 - MT LEFT MESSAGE _x000d_
MT - 09/01/2009 21:39:32 - viewing on 8th ._x000d_
_x000d_
2 bed semi bungalow - has been empty for several months - said she is to decide whether to rent or sell, didn't want to say too much_x000d_
_x000d_
Home address - 16 Caldervale, Orton Longueville, Peterborough PE2 7HX_x000d_
_x000d_
Word of mouth from her uncle (David Burton)",10-25-2100,,0,,0,1,0,1,0,0,,
626,TRUE,,0,1-16-2009,3,30,3,Mrs,,Croson,,,,48 Peterborough Road,Castor,Peterborough,Cambs,,,,,,,,,07501 224510,(Angelo is the contact),26,MT - 16/01/2009 15:34:36 - Angelo rang in for a relative. Said send pack to him as she may be buying several places and he will do them up and then rent them. Will look to buy soemtime this year,10-1-2100,,0,,0,1,0,1,0,0,,
627,TRUE,,0,1-28-2009,1,16,1,Mr,Peter,Ashcroft,,,,32 King Street,West Deeping,Peterborough,Cambs,PE6 9HP,,,,,,,,07803 084097,,9,"ROB - 13/02/2017 12:47:55 - Wake Up letter sent_x000d_
MT - 18/07/2016 14:22:18 - Wake Up letter sent_x000d_
MT - 21/12/2015 10:06:02 - Wake Up letter sent_x000d_
POD - 20/05/2015 11:33:57 - Wake Up letter sent_x000d_
MT - 30/10/2014 09:31:31 - Wake Up letter sent_x000d_
JF - 06/10/2009 09:40:51 - spoke to , didn’t want to be bothered so deleted._x000d_
RU - 02/09/2009 09:56:40 - Looking at buting 3 bed with gargage in Temple grange advised around 595 rental he will come back to us when progressing further._x000d_
JF - 01/07/2009 13:30:04 - still looking, if he does find a property in Peterborough then he will use us, the purchase is on the back burner at the moment as his son has just bought and he is helping him._x000d_
MT - 27/05/2009 12:13:43 - l/m re call us if need advice_x000d_
MT - 29/04/2009 10:01:52 - advsied re a property at Kingfishers in Orton Wistow. Still looking_x000d_
JF - 07/04/2009 11:03:48 - called, still looking to buy a property, not found anything, if he buys one in peterborough, he will come to us._x000d_
JF - 07/04/2009 11:00:25 - lm_x000d_
KB - 18/03/2009 10:14:53 - Call 31st March to see if has seen anything_x000d_
KB - 18/03/2009 10:14:36 - Has a pack - sent 27/01/2009_x000d_
MT - 03/03/2009 12:27:06 - still looking, looking in Middle Pasture_x000d_
KB - 28/01/2009 13:04:42 - Dick Dickens recommended him Spoke at length 11%.  Was looking at a couple in Home Pasture 3BD+G+Conservatory - budget 600 pre-market 625 I said.  Told him to call any time.  Had problems with Goodwins agent - smokers, pets, bad tenants and spent a few grand on evictions so I told him about tenant selection process and in-house evictions.  Agreed to speak in a month but in the meantime call us if he sees anything to buy.",9-11-2017,,0,,0,1,0,1,0,0,,
628,TRUE,,0,1-30-2009,1,30,2,Ms,Kofo,Holton,,,,81 Lyvelly Gardens,Parnwell,Peterborough,,,,,,,,,,07725 655198,,21,"MT - 28/10/2014 13:33:00 - NO E-MAIL_x000d_
MT - 10/06/2009 16:11:57 - LEFT FINAL MESSAGE. IF YOU VIEW THIS AGAIN AND NOTHING HAS CHANGED THEN DELETE_x000d_
JF - 02/06/2009 11:25:14 - lm_x000d_
CJ - 06/05/2009 14:28:20 -lm _x000d_
MT - 05/02/2009 13:28:44 - mid June may be available_x000d_
KB - 30/01/2009 15:02:02 - Viewed yesterday - not available until mid/end April - said will call mid Feb to see if she wants to go ahead.  Valued at £595-£625 (same as one of Jenny Dyers in Lyvelly Gdns) 3 bed semi.",10-31-2100,,0,,0,1,0,1,0,0,,
629,TRUE,14,0,1-30-2009,1,16,3,Mrs,Rose,Vanparekh,,,,70 Ploverly,Werrington,Peterborough,,,,,,,,07717 226586 Mrs,,07886 626609 Mr,vanparekh@msn.com,9,"ROB - 09/12/2016 13:05:58Wake Up E-mail sent_x000d_
_x000d_
MT - 13/05/2016 21:04:56Wake Up E-mail sent_x000d_
_x000d_
MT - 13/05/2016 21:04:48 - did not take on ion the end_x000d_
MT - 01/09/2015 13:53:02Wake Up E-mail sent_x000d_
_x000d_
MT - 27/01/2015 16:48:09Wake Up E-mail sent_x000d_
_x000d_
24/06/2014 11:14:54 ************ ADDED AS A LANDLORD  - Please Check Before Calling_x000d_
_x000d_
POD - 23/06/2014 09:18:15 - LL says not selling, so ready to let_x000d_
POD - 28/03/2014 13:16:43 - Sorry Bye Email sent Email Sent - see below:_x000d_
Dear Mrs Vanparekh_x000d_
_x000d_
As you have made alternative arrangements for your property we have taken your details from our active contacts list but will retain them for a while in case you do need our services in the future._x000d_
_x000d_
I hope that you have found our service helpful._x000d_
_x000d_
Kind Regards_x000d_
_x000d_
Paul Oddie_x000d_
_x000d_
_x000d_
Brookdale Property Management_x000d_
_x000d_
W: http://www.brookdale-pms.co.uk _x000d_
T: (01733) 327788 _x000d_
F: 0870 638 7351_x000d_
_x000d_
POD - 28/03/2014 13:16:22 - is now seling the house._x000d_
POD - 19/02/2014 15:19:37 - He is Mr Asgar_x000d_
_x000d_
POD - 19/02/2014 15:18:57 - has offered on a property and will update us as soon_x000d_
POD - 03/02/2014 15:15:05 - Mrs LL said looking to buy again, early stages and will call us but happy for me to chase in 2 months._x000d_
POD - 03/02/2014 15:14:04 - large 3 dbl bed terraced, upvc, fhg, new k/d, lge lounge, new wc, new shwr room (no bath), decent size garden, 600 try 650.  _x000d_
_x000d_
POD - 03/02/2014 15:16:37 - Welcome Email sent Email Sent - see below:_x000d_
Dear Mrs Vanparekh_x000d_
_x000d_
_x000d_
Thank you for your time during our valuation meeting today._x000d_
_x000d_
I confirm that I expect the property to achieve a monthly rental in the region of £650 and the commission rate agreed would be either 10% fully managed or 12% with management and rental guarantee.  _x000d_
_x000d_
However as I mentioned, if you would like to try at an alternate figure we are happy to be guided by you.  We will, of course, monitor the property's performance on Rightmove during marketing and consult you if we feel an adjustment in rent is required._x000d_
_x000d_
Starting to market your property is as easy as calling us and setting up a convenient time for us to visit the property and take the details and photographs.  This visit should not last longer than 30 minutes and we usually have the property on Rightmove and other web-sites the same day._x000d_
_x000d_
As discussed, there is absolutely no payment required to begin marketing and we do not require you to sign anything.  _x000d_
_x000d_
Kind Regards_x000d_
_x000d_
_x000d_
_x000d_
Paul Oddie_x000d_
_x000d_
_x000d_
Brookdale Property Management_x000d_
_x000d_
W: http://www.brookdale-pms.co.uk _x000d_
T: (01733) 327788 _x000d_
F: 0870 638 7351_x000d_
_x000d_
MT - 31/01/2014 12:19:57 - ****** Valuation confirmation email sent*******_x000d_
_x000d_
MT - 31/01/2014 12:19:21 + ********** Welcome Email sent Email Sent *************_x000d_
_x000d_
MT - 31/01/2014 12:19:07 - rang in again for valuation _x000d_
CJ - 19/10/2009 16:01:33 - left further message will delete now_x000d_
JF - 06/10/2009 11:27:37 - left 2nd messge _x000d_
CJ - 18/09/2009 10:02:20 - tried no resp_x000d_
JF - 08/06/2009 13:48:42 - Sale fallen through on the one he was buying, still looking to buy but nothing in the pipeline._x000d_
MT - 10/03/2009 12:17:50 - still wating for a sale to go throguh_x000d_
MT - 10/02/2009 11:21:30 - Stilll waiting for sale and will give us a ring when finalises_x000d_
KB - 30/01/2009 15:03:50 - Viewed 27.1 15.45 nice place - said £525 and premarket at £540 possibly.  He is waiting for sale offer to be accepted before he can commit to renting.",7-7-2017,,0,,0,1,0,1,0,0,POD - 19/02/2014 15:17:44 - no initial set up fee,
630,TRUE,,0,2-3-2009,3,16,1,Mr,Frank,Williams,,,,19 Westhawe,Bretton,Peterborough,Cambs,PE3 8BA,,,,,,261777,,,,21,"MT - 12/12/2016 15:41:46 - Wake Up letter sent to property address_x000d_
MT - 12/12/2016 15:41:39 - Wake Up letter sent_x000d_
MT - 16/05/2016 11:30:24 - Wake Up letter sent_x000d_
MT - 08/09/2015 17:07:49 - Wake Up letter sent_x000d_
POD - 04/02/2015 12:45:46 - Wake Up letter sent_x000d_
POD - 04/02/2015 12:45:18 - Wake Up letter sent_x000d_
POD - 20/01/2015 12:46:59 - tenants registered as PT's_x000d_
MT - 28/10/2014 13:47:56 - Wake Up letter sent_x000d_
CJ - 25/03/2009 16:37:48 - said leave it he will call_x000d_
MT - 06/03/2009 15:28:30 - soke to lady who said she would ask him to call us_x000d_
MT - 16/02/2009 10:41:51 - Lady Charlotte road may be coming, Brailsford Close let_x000d_
MT - 03/02/2009 14:11:31 - rang in about buy to let advice. Mentioned one in Lady Charlotte and one in Brailsford Close. Sent pack.",7-10-2017,,0,,0,1,0,1,0,0,,
