ID,lord_ref,prop_ref,cont_ref,tent_ref,addr_1,addr_2,addr_3,addr_4,postcode,telephone,house_type,key_no,features,insp_date,insp_time,rent_per,guaranteed,comm_rate,pay_method,avail_to,addr_srch,checksum,documents,tent_each,tent_time,group,group_ref,lord_each,lord_time,apportion,cl_start,cl_end,ins_status,acct_ref,srvcgas,srvcelec,srvcwater,srvcctax,srvcmgmt,srvchb,nextfree,provistent,gas_done,gas_by,gas_next,gas_none,gas_lrdorg,propstatus,deptolord,taxband,keyheldby,keyrcvd,keyreturn,boardtype,boardsup,boardsdown,srvcinsure,insrpi,insbuild,inscontent,rpicharge,rpicost,rpiupto,azregion,azpageno,azgridref,created,insp_last,gc_start,gas_appt,gas_time,gc_status,hse_descr,hse_type,blr_by,blr_next,blr_time,blr_none,blr_lrdorg,blr_done,blr_appt,bc_start,bc_status,ele_by,ele_next,ele_time,ele_none,ele_lrdorg,ele_done,ele_appt,ec_start,ec_status,mgmttype,payusegas,payuseele,bedrooms,receptions,furnished,parking,heating,garden,nopets,nochildren,nosmokers,nostudents,fuel,nextstatus,inspstatus,mtrgas,mtrgasd,mtrelech,mtrelechd,mtrelecl,mtrelecld,mtrwater,mtrwaterd,inspmeters,inspinv,inspcond,insoverall,inspreason,inspevery,employed,area,viddate,vidtape,vidindex,vidprev,approxfree,webref,lloccupied,indivrooms,roomslet,srvcsewage,ptddate,ptdamount,jointequal,refurbstat,inspgroup,acctgroup,mtrreason,vidnone,gasboiler,gasstove,gasfires,gaspipes,gasflues,mainoffice,updoffices,mtrwater2,mtrwater2d,mtrelec3,mtrelec3d,webstatus
114296,CWEIGH,WAL034,      4033,AATKIN,34 Walgrave,Orton Malborne,Peterborough,Cambs,PE2 5NR,,,,,,,495,,10,HB,,WALG 34,,,1,M,,,1,M,0,,,,,,,,,,,30/12/2005,,,,,0,0,I,0,,O,,,N,,,,0,0,0,0,0,,,0,,27/12/2002,,,,,0,,,,,,1,0,,,,0,,,,0,0,,,,0,A,0,0,3,0,0,0,0,0,0,0,0,0,0,,0,0,,0,,0,,0,,0,0,0,0,1,0,0,Orton Malborne,,0,,,1,P0344,0,0,0,,,0,0,0,,0,0,0,0,0,0,0,0,0,,0,,0,,
114297,PSHORT,WAL065,      3591,JTAYLO,65 Walgrave,Orton Malborne,Peterborough,Cambs,PE2  5NS,l/l - maintenance,,,,,,440,,12,HB,,WALG 65,‡,,1,M,,,1,M,0,,,,,,,,,,,09/11/2004,,,,,0,0,I,0,,O,,,P,,,,0,0,0,0,0,,,0,,10/05/2002,,,,,0,Semi-Detached,House,,,,1,0,,,,0,,,,0,0,,,,0,A,0,0,2,0,0,0,0,0,0,0,0,0,0,,0,0,,0,,0,,0,,0,0,0,0,1,0,0,Orton Malborne,,0,,,1,W386,0,0,0,,,0,0,0,,0,0,0,0,0,0,0,0,0,,0,,0,,
114298,MCAWSE,WAL084,      3305,FGEORG,84 Walgrave,Orton Malborne,Peterborough,Cambs,PE2 5NS,,,,,,,450,,12,HB,,WALG 84,é,,1,M,,,1,M,0,,,,,,,,,,,09/02/2004,,,,,0,0,I,0,,O,,,N,,,,0,0,0,0,0,,,0,,07/06/2003,,,,,0,,,,,,1,0,,,,0,,,,0,0,,,,0,A,0,0,2,0,0,0,0,0,0,0,0,0,0,,0,0,,0,,0,,0,,0,0,0,0,1,0,0,Orton Malborne,,0,,,1,W51,0,0,0,,,0,0,0,,0,0,0,0,0,0,0,0,0,,0,,0,,
114140,CJAMES,MID025,      2770,DBAILE,25 Middleton,Bretton,Peterborough,,PE3 9XQ,,,123,,,,350,N,10,HB,,MIDD 25,_x001b_,B,1,M,,,1,M,0,,,,,,,,,,,22/01/2002,,15/07/1997,PEP,14/07/1998,0,0,I,0,,O,,,N,,,,0,0,0,0,0,,,0,,,,01/01/9999,,,4,Terraced,House,,,,1,0,,,01/01/9999,0,,,,0,0,,,,0,A,0,0,3,0,0,0,0,0,0,0,0,0,0,,0,0,,0,,0,,0,,0,0,0,0,3,0,0,Bretton,,0,,,0,P321,0,0,0,,,0,0,0,,0,0,0,0,0,0,0,0,0,,0,,0,,
114141,RFISHE,MID064,      3506,PGEORG,64 Middleton,South Bretton,Peterborough,,PE3 9XH,,,,,,,460,,12,HB,,MIDD 64,W,,1,M,,,1,M,0,,,,,,,,,,,19/08/2004,,,,,0,0,I,0,,O,,,N,,,,0,0,0,0,0,,,0,,29/04/2002,,,,,0,Terraced,House,,,,1,0,,,,0,,,,0,0,,,,0,A,0,0,3,0,0,0,0,0,0,0,0,0,0,,0,0,,0,,0,,0,,0,0,0,0,1,0,0,Bretton,,0,,,1,W289,0,0,0,,,0,0,0,,0,0,0,0,0,0,0,0,0,,0,,0,,
114142,DEVANS,MIL010,      2752,DHATFI,10 Milton Road,Fletton,Peterborough,Cambs,PE2 8DZ,,,,,,,370,,12,HB,,MILT 10,R,,1,M,,,1,M,0,,,,,,,,,,,10/12/2001,,,,,0,0,I,0,,O,,,N,,,,0,0,0,0,0,,,0,,31/05/2001,,,,,0,,,,,,1,0,,,,0,,,,0,0,,,,0,A,0,0,3,0,0,0,0,0,0,0,0,0,0,,0,0,,0,,0,,0,,0,0,0,0,1,0,0,Fletton,,0,,,0,P649,0,0,0,,,0,0,0,,0,0,0,0,0,0,0,0,0,,0,,0,,
114050,BBAWA,HEN004,      3322,MFITZ-,4 Henry Court,Henry Street,Peterborough,,PE1 2QG,,,077,,,,365,N,10,C,,HENR  4,;,B,1,M,,,1,M,100,,,,,,,,,,,27/02/2004,,12/04/1998,PEP,12/04/1999,0,0,I,0,,O,,,N,,,,0,0,0,0,0,,,0,,,,08/03/1999,,,0,First Floor,Flat,,,,1,0,,,01/01/9999,0,,,,0,0,,,,0,A,0,0,1,0,0,0,0,0,0,0,0,0,0,,0,0,,0,,0,,0,,0,0,0,0,3,0,0,Centre,,0,,,0,W102,0,0,0,,,0,0,0,,0,0,0,0,0,0,0,0,0,,0,,0,,
114051,HOOPER,HEN018,      4020,BSIMPS,18 Henry Street,Peterborough,,,PE1 2QG,,,,,,,575,,12,C,,HENR 18,g,,1,M,,,1,M,0,,,,,,,,,,,15/12/2005,,,,,0,0,I,0,,O,,,N,,,,0,0,0,0,0,,,0,,01/02/2003,,,,,0,Terraced,House,,,,1,0,,,,0,,,,0,0,,,,0,A,0,0,3,0,0,0,0,0,0,0,0,0,0,,0,0,,0,,0,,0,,0,0,0,0,1,0,0,Centre,,0,,,1,P0370,0,0,0,,,0,0,0,,0,0,0,0,0,0,0,0,0,,0,,0,,
114052,QRIGBY,HET020,      3846,ZMAKHM,20 Hetley,Orton Goldhay,Peterborough,,PE2 5QF,,,,,,,460,,12,C,,HETL 20,,,1,M,,,1,M,0,,,,,,,,,,,21/05/2005,,,,,0,0,I,0,,O,,,N,,,,0,0,0,0,0,,,0,,15/03/2002,,,,,0,,,,,,1,0,,,,0,,,,0,0,,,,0,A,0,0,3,0,0,0,0,0,0,0,0,0,0,,0,0,,0,,0,,0,,0,0,0,0,1,0,0,Orton Goldhay,,0,,,0,W582,0,0,0,,,0,0,0,,0,0,0,0,0,0,0,0,0,,0,,0,,
114161,MDICKI,ORT044,      3642,KGOOD1,44 Orton Avenue,Woodston,Peterborough,Cambs,PE2 9HJ,,,027,,,,525,,10,C,,ORTO 44,™,,1,M,,,1,M,0,,,,,,,,,,,03/12/2004,,13/11/1997,,,0,1,I,0,,O,,,N,,,,0,0,0,0,0,,,0,,12/03/1998,,01/01/9999,,,0,Semi-Detached,House,,,,1,0,,,01/01/9999,0,,,,0,0,,,,0,A,0,0,3,0,0,0,0,0,0,0,0,0,0,,0,0,,0,,0,,0,,0,0,0,0,3,0,0,Woodston,,0,,,1,W412,0,0,0,,,0,0,0,,0,0,0,0,0,0,0,0,0,,0,,0,,
114162,RCOVE,OSP058,       915,SEYRE,58 Osprey,Orton Goldhay,Peterborough,,PE2 5FW,,,035,,,,280,N,10,HB,,OSPR 58,‚,B,1,M,,,1,M,100,,,,,,,,,,,18/11/2005,,04/02/1997,PEP,03/02/1998,0,0,I,0,,O,,,N,,,,0,0,0,0,0,,,0,,,,01/01/9999,,,4,Semi-Detached,,,,,1,0,,,01/01/9999,0,,,,0,0,,,,0,A,0,0,2,0,0,0,0,0,0,0,0,0,0,,0,0,,0,,0,,0,,0,0,0,0,3,0,0,Orton Goldhay,,0,,,0,P178,0,0,0,,,0,0,0,,0,0,0,0,0,0,0,0,0,,0,,0,,
114163,ECUSIC,OUN166,      3718,HJOHNS,"Flat 1, 166 Oundle Road",Woodston,Peterborough,,PE2 9PJ,,,,,,,375,,12,C,,OUND  01,W,,1,M,,,1,M,0,,,,,,,,,,,22/02/2005,,,,,0,0,I,0,,O,,,N,,,,0,0,0,0,0,,,0,,03/10/1998,,,,,0,,,,,,1,0,,,,0,,,,0,0,,,,0,A,0,0,1,0,0,0,0,0,0,0,0,0,0,,0,0,,0,,0,,0,,0,0,0,0,1,0,0,Woodston,,0,,,0,W510,0,0,0,,,0,0,0,,0,0,0,0,0,0,0,0,0,,0,,0,,47410
114134,METREG,MET006,      3979,HRICHA,6 Metregal House,42 South Street,Stanground,Peterborough,PE2 8HA,,,,,,,485,,12,HB,,METR  6,³,,1,M,,,1,M,0,,,,,,,,,,,28/10/2005,,,,,0,0,I,0,,O,,,N,,,,0,0,0,0,0,,,0,,10/07/2002,,,,,0,Ground Floor,Flat,,,,1,0,,,,0,,,,0,0,,,,0,A,0,0,2,0,0,0,0,0,0,0,0,0,0,,0,0,,0,,0,,0,,0,0,0,0,1,0,0,Stanground,,0,,,0,W32,0,0,0,,,0,0,0,,0,0,0,0,0,0,0,0,0,,0,,0,,
114135,METREG,MET007,      2984,PMCALL,7 Metregal House,42 South Street,Stanground,Peterborough,PE2 8HA,,,,,,,0,,12,HB,,METR  7,«,,1,M,,,1,M,0,,,,,,,,,,,25/12/1999,,,,,0,0,I,0,,O,,,N,,,,0,0,0,0,0,,,0,,10/07/2002,,,,,0,,,,,,1,0,,,,0,,,,0,0,,,,0,A,0,0,0,0,0,0,0,0,0,0,0,0,0,,0,0,,0,,0,,0,,0,0,0,0,1,0,0,Stanground,,0,,,0,P0208,0,0,0,,,0,0,0,,0,0,0,0,0,0,0,0,0,,0,,0,,
114136,METREG,MET008,      3982,RCROXF,8 Metregal House,42 South Street,Stanground,Peterborough,PE2 8HA,,,,,,,480,,12,C,,METR  8,r,,1,M,,,1,M,0,,,,,,,,,,,31/10/2005,,,,,0,0,I,0,,O,,,N,,,,0,0,0,0,0,,,0,,10/07/2002,,,,,0,First Floor,Flat,,,,1,0,,,,0,,,,0,0,,,,0,A,0,0,1,0,0,0,0,0,0,0,0,0,0,,0,0,,0,,0,,0,,0,0,0,0,1,0,0,Stanground,,0,,,0,W118,0,0,0,,,0,0,0,,0,0,0,0,0,0,0,0,0,,0,,0,,
113862,BKARAT,ADD001,      3209,DCLAR1,1 Adderley,Bretton,Peterborough,,PE3 8RA,,,,,,,450,,12,HB,,ADDE  1,D,,1,M,,,1,M,0,,,,,,,,,,,14/10/2003,,,,,0,0,I,0,,O,,,N,,,,0,0,0,0,0,,,0,,17/03/2003,,,,,0,Terraced,House,,,,1,0,,,,0,,,,0,0,,,,0,A,0,0,3,0,0,0,0,0,0,0,0,0,0,,0,0,,0,,0,,0,,0,0,0,0,1,0,0,Bretton,,0,,,0,P0406,0,0,0,,,0,0,0,,0,0,0,0,0,0,0,0,0,,0,,0,,
113863,MAHER,ADD004,      3409,SWHINN,4 Adderley,Bretton,Peterborough,,PE3 8RA,,,,,,,450,,12,C,,ADDE  4,H,,1,M,,,1,M,0,,,,,,,,,,,23/05/2004,,,,,0,0,I,0,,O,,,N,,,,0,0,0,0,0,,,0,,25/01/1999,,,,,0,Terraced,House,,,,1,0,,,,0,,,,0,0,,,,0,A,0,0,3,0,0,0,0,0,0,0,0,0,0,,0,0,,0,,0,,0,,0,0,0,0,1,0,0,Bretton,,0,,,0,W196,0,0,0,,,0,0,0,,0,0,0,0,0,0,0,0,0,,0,,0,,
113864,TMARTI,ADM037,      3787,MELDRE,37 Admiral House,Rivergate,Peterborough,,PE1 1ES,,,,,,,550,,10,C,,ADMI 37,v,,1,M,,,1,M,0,,,,,,,,,,,03/04/2005,,,,,0,0,I,0,,O,,,N,,,,0,0,0,0,0,,,0,,21/01/2002,,,,,0,First Floor,Flat,,,,1,0,,,,0,,,,0,0,,,,0,A,0,0,2,0,0,0,0,0,0,0,0,0,0,,0,0,,0,,0,,0,,0,0,0,0,1,0,0,Centre,,0,,,0,P0113,0,0,0,,,0,0,0,,0,0,0,0,0,0,0,0,0,,0,,0,,
114032,JYOUNG,GRA069,      3930,SANDR1,69 Granville Street,Millfield,Peterborough,,PE1 2QL,,,283,,,,440,,10,HB,,GRAN 69,Ò,,1,M,,,1,M,0,,,,,,,,,,,27/08/2005,,22/10/1997,PEP,21/10/1998,0,0,I,0,,O,,,N,,,,0,0,0,0,0,,,0,,11/09/1997,,01/01/9999,,,4,First Floor,Flat,,,,1,0,,,01/01/9999,0,,,,0,0,,,,0,A,0,0,2,0,0,0,0,0,0,0,0,0,0,,0,0,,0,,0,,0,,0,0,0,0,3,0,0,Millfield,,0,,,0,W111,0,0,0,,,0,0,0,,0,0,0,0,0,0,0,0,0,,0,,0,,
114033,DWILLI,GRA47D,      2256,VMOODY,47 Granville St (D),Millfield,Peterborough,,PE1 2QL,,,041,,,,300,N,9.5,A,,GRAN 47,F,B,1,M,,,1,M,0,,,,,,,,,,,17/06/1999,,19/02/1998,PEP,18/02/1999,0,0,I,0,,O,,,N,,,,0,0,0,0,0,,,0,,,,01/01/9999,,,4,Ground Floor,Flat,,,,1,0,,,01/01/9999,0,,,,0,0,,,,0,A,0,0,2,0,0,0,0,0,0,0,0,0,0,,0,0,,0,,0,,0,,0,0,0,0,3,0,0,Millfield,,0,,,0,P7,0,0,0,,,0,0,0,,0,0,0,0,0,0,0,0,0,,0,,0,,
114034,DWILLI,GRA47U,      3480,KBAINS,47a Granville Street,Millfield,Peterborough,,PE1 2QL,,,034,,,,410,N,12,A,,GRAN 47,À,B,1,M,,,1,M,100,,,,,,,,,,,07/08/2004,,18/02/1998,PEP,,0,0,I,0,,O,,,W,,,,0,0,0,0,0,,,0,,,,01/01/9999,,,0,First Floor,Flat,,,,1,0,,,01/01/9999,0,,,,0,0,,,,0,A,0,0,2,0,0,0,0,0,0,0,0,0,0,,0,0,,0,,0,,0,,0,0,0,0,3,0,0,Millfield,,0,,,1,W172,0,0,0,,,0,0,0,,0,0,0,0,0,0,0,0,0,,0,,0,,
114041,LCROSS,HAD076,,,76 Hadrians Court,Fletton,Peterborough,Cambs,PE2 8NJ,,,057,,,,450,N,12,C,,HADR 76,å,B,1,M,,,1,M,0,,,,,,,,,,,01/01/9999,,,,,0,0,N,0,,O,,,N,,,,0,0,0,0,0,,,0,,,,01/01/9999,,,0,First Floor,Flat,,,,1,0,,,01/01/9999,0,,,,0,0,,,,0,A,0,0,2,0,0,0,0,0,0,0,0,0,0,,0,0,,0,,0,,0,,0,0,0,0,3,0,0,Fletton,,0,,,1,W144,0,0,0,,,0,0,0,,0,0,0,0,0,0,0,0,0,,0,,0,,11784
114042,DPIPER,HAM022,      3966,MDUBE,22 Hampton Court,Westwood,Peterborough,,PE3 7JA,,,180,,,,485,N,10,C,,HAMP 22,_x0003_,B,1,M,,,1,M,0,,,,,,,,,,,17/10/2005,,07/04/1998,PEP,07/04/1999,0,0,I,0,,O,,,N,,,,0,0,0,0,0,,,0,,,,03/03/1999,,,0,Terraced,Maisonette,,,,1,0,,,01/01/9999,0,,,,0,0,,,,0,A,0,0,3,0,0,0,0,0,0,0,0,0,0,,0,0,,0,,0,,0,,0,0,0,0,3,0,0,Westwood,,0,,,0,W499,0,0,0,,,0,0,0,,0,0,0,0,0,0,0,0,0,,0,,0,,
114043,YSHAH,HAM041,,,41 Hampton Court,Westwood,Peterborough,,PE3 7JB,,,006,,,,425,N,10,C,,HAMP 41,š,B,1,M,,,1,M,0,,,,,,,,,,,01/01/9999,,,,,0,0,N,0,,O,,,N,,,,0,0,0,0,0,,,0,,,,01/01/9999,,,0,,,,,,1,0,,,01/01/9999,0,,,,0,0,,,,0,A,0,0,3,0,0,0,0,0,0,0,0,0,0,,0,0,,0,,0,,0,,0,0,0,0,3,0,0,Westwood,,0,,,0,W60,0,0,0,,,0,0,0,,0,0,0,0,0,0,0,0,0,,0,,0,,
114269,DSETON,SWA051,      3563,BHOWAR,51 Swallowfield,Werrington,Peterborough,,PE4 5BN,,,,,,,375,,12,C,,SWAL 51,2,,1,M,,,1,M,0,,,,,,,,,,,18/10/2004,,,,,0,0,I,0,,O,,,N,,,,0,0,0,0,0,,,0,,21/01/2002,,,,,0,First Floor,Flat,,,,1,0,,,,0,,,,0,0,,,,0,A,0,0,1,0,0,0,0,0,0,0,0,0,0,,0,0,,0,,0,,0,,0,0,0,0,1,0,0,Werrington,,0,,,0,W119,0,0,0,,,0,0,0,,0,0,0,0,0,0,0,0,0,,0,,0,,
114270,LWHEEL,SWA113,      3562,DSEYMO,113 Swale Avenue,Gunthorpe,Peterborough,,PE4 7GT,,,,,,,495,,12,HB,,SWAL113,Ÿ,,1,M,,,1,M,0,,,,,,,,,,,24/10/2004,,,,,0,0,I,0,,O,,,N,,,,0,0,0,0,0,,,0,,31/12/2002,,,,,0,,,,,,1,0,,,,0,,,,0,0,,,,0,A,0,0,2,0,0,0,0,0,0,0,0,0,0,,0,0,,0,,0,,0,,0,0,0,0,1,0,0,Gunthorpe,,0,,,0,W369,0,0,0,,,0,0,0,,0,0,0,0,0,0,0,0,0,,0,,0,,
114271,CBODIL,SWA134,      3359,NMARKS,134 Swale Avenue,Gunthorpe,Peterborough,,PE4 7GT,326839,,,,,,450,,12,HB,,SWAL134,_x000c_,,1,M,,,1,M,0,,,,,,,,,,,07/04/2004,,,,,0,0,I,0,,O,,,L,,,,0,0,0,0,0,,,0,,07/02/2002,,,,,0,Terraced,House,,,,1,0,,,,0,,,,0,0,,,,0,A,0,0,2,0,0,0,0,0,0,0,0,0,0,,0,0,,0,,0,,0,,0,0,0,0,1,0,0,Gunthorpe,,0,,,0,W142,0,0,0,,,0,0,0,,0,0,0,0,0,0,0,0,0,,0,,0,,
114074,DFORST,KAT043,      2896,JLYNCH,43 St.Katherine's Mews,Hampton Hargate,Peterborough,,PE7 8BA,,,,,,,650,,12,C,,STKA 43,å,,1,M,,,1,M,0,,,,,,,,,,,24/09/2002,,,,,0,0,I,0,,O,,,(,,,,0,0,0,0,0,,,0,,18/10/2001,,,,,0,Semi-Detached,House,,,,1,0,,,,0,,,,0,0,,,,0,A,0,0,3,0,0,0,0,0,0,0,0,0,0,,0,0,,0,,0,,0,,0,0,0,0,1,0,0,Hampton Hargate,,0,,,0,P696,0,0,0,,,0,0,0,,0,0,0,0,0,0,0,0,0,,0,,0,,
114075,POSULL,KAT049,,,49 St.Katherine's Mews,Hampton Hargate,Peterborough,Cambs,PE7 8BA,,,,,,,500,,10,C,,STKA 49,/,,1,M,,,1,M,0,,,,,,,,,,,01/01/9999,,,,,0,0,N,0,,O,,,L,,,,0,0,0,0,0,,,0,,11/11/2002,,,,,0,,,,,,1,0,,,,0,,,,0,0,,,,0,A,0,0,3,0,0,0,0,0,0,0,0,0,0,,0,0,,0,,0,,0,,0,0,0,0,1,0,0,Hampton Hargate,,0,,,0,P0319,0,0,0,,,0,0,0,,0,0,0,0,0,0,0,0,0,,0,,0,,
114076,SSAID,KEN008,      2988,ABEALI,8 Kentmere Place,Gunthorpe,Peterborough,,PE4 7WY,,,,,,,450,,12,HB,,KENT  8,j,,1,M,,,1,M,0,,,,,,,,,,,03/02/2003,,,,,0,0,I,0,,O,,,V,,,,0,0,0,0,0,,,0,,19/06/2002,,,,,0,,,,,,1,0,,,,0,,,,0,0,,,,0,A,0,0,2,0,0,0,0,0,0,0,0,0,0,,0,0,,0,,0,,0,,0,0,0,0,1,0,0,Gunthorpe,,0,,,0,P0191,0,0,0,,,0,0,0,,0,0,0,0,0,0,0,0,0,,0,,0,,
113868,CJONES,ALB050,,,50 Albany Walk,Woodston,Peterborough,,PE2 9JW,,,,,,,425,,10,C,,ALBA 50,0,,1,M,,,1,M,0,,,,,,,,,,,01/01/9999,,,,,0,0,N,0,,O,,,N,,,,0,0,0,0,0,,,0,,29/11/2002,,,,,0,,,,,,1,0,,,,0,,,,0,0,,,,0,A,0,0,0,0,0,0,0,0,0,0,0,0,0,,0,0,,0,,0,,0,,0,0,0,0,1,0,0,Woodston,,0,,,0,P0336,0,0,0,,,0,0,0,,0,0,0,0,0,0,0,0,0,,0,,0,,
113869,KFOWLE,ALB082,,,82 Albany Walk,Woodston,Peterborough,Cambs,PE2 9JW,,,,,,,410,,12,C,,ALBA 82,',,1,M,,,1,M,0,,,,,,,,,,,01/01/9999,,,,,0,0,N,0,,O,,,N,,,,0,0,0,0,0,,,0,,16/01/2003,,,,,0,,,,,,1,0,,,,0,,,,0,0,,,,0,A,0,0,1,0,0,0,0,0,0,0,0,0,0,,0,0,,0,,0,,0,,0,0,0,0,1,0,0,Woodston,,0,,,1,W284,0,0,0,,,0,0,0,,0,0,0,0,0,0,0,0,0,,0,,0,,
113870,JBALLA,ALB092,      3278,CHARP1,92 Albany Walk,Woodston,Peterborough,Cambs,PE2 9JW,Coveh - 01480218081,,,,,,380,,10,C,,ALBA 92,%,,1,M,,,1,M,0,,,,,,,,,,,29/12/2003,,,,,0,0,I,0,,O,,,N,,,,0,0,0,0,0,,,0,,10/09/2002,,,,,0,,,,,,1,0,,,,0,,,,0,0,,,,0,A,0,0,1,0,0,0,0,0,0,0,0,0,0,,0,0,,0,,0,,0,,0,0,0,0,1,0,0,Woodston,,0,,,1,P0243,0,0,0,,,0,0,0,,0,0,0,0,0,0,0,0,0,,0,,0,,
114059,MNANJI,HOL007,      2507,VPLUMR,7 Holmes Way,Paston,Peterborough,,PE4 7XZ,,,,,,,0,,10,C,,HOLM  7,_x0018_,,1,M,,,1,M,0,,,,,,,,,,,24/08/2000,,,,,0,0,I,0,,O,,,N,,,,0,0,0,0,0,,,0,,21/02/2000,,,,,0,,,,,,1,0,,,,0,,,,0,0,,,,0,A,0,0,0,0,0,0,0,0,0,0,0,0,0,,0,0,,0,,0,,0,,0,0,0,0,1,0,0,Paston,,0,,,0,P565,0,0,0,,,0,0,0,,0,0,0,0,0,0,0,0,0,,0,,0,,
114060,PPARMA,HOL029,      4005,SDOYLE,29 Holcroft,Orton Malborne,Peterborough,,PE2 5SL,,S,179,,,,525,N,12,A,,HOLC 29,G,B,1,M,,,1,M,0,,,,,,,,,,,28/11/2005,,29/05/1998,PEP,29/05/1999,0,0,I,0,,O,,,N,,,,0,0,0,0,0,,,0,,,,24/04/1999,,,0,Semi-Detached,House,,,,1,0,,,01/01/9999,0,,,,0,0,,,,0,A,0,0,3,0,0,0,0,0,0,0,0,0,0,,0,0,,0,,0,,0,,0,0,0,0,3,0,0,Orton Malborne,,0,,,0,W234,0,0,0,,,0,0,0,,0,0,0,0,0,0,0,0,0,,0,,0,,
114061,MKELLY,HOL039,      3896,JWATER,39 Holdfield,Ravensthorpe,Peterborough,,PE3 7LW,,T,002,,,,495,N,10,HB,,HOLD 39,„,B,1,M,,,1,M,0,,,,,,,,,,,20/07/2005,,01/08/1997,PEP,,0,0,I,0,,O,,,N,,,,0,0,0,0,0,,,0,,,,01/01/9999,,,0,Terraced,House,,,,1,0,,,01/01/9999,0,,,,0,0,,,,0,A,0,0,3,0,0,3,3,1,0,0,0,0,6,,0,0,,0,,0,,0,,0,0,0,0,3,0,0,Ravensthorpe,,0,,,0,P86,0,0,0,,,0,0,0,,0,0,0,0,0,0,0,0,0,,0,,0,,
114266,LJOHNS,SUN055,      2991,ABRIND,55 Sunnymead,Werrington,Peterborough,,PE4 5BY,,,,,,,420,,12,C,,SUNN 55,ø,,1,M,,,1,M,0,,,,,,,,,,,28/01/2003,,,,,0,0,I,0,,O,,,N,,,,0,0,0,0,0,,,0,,29/06/2002,,,,,0,,,,,,1,0,,,,0,,,,0,0,,,,0,A,0,0,2,0,0,0,0,0,0,0,0,0,0,,0,0,,0,,0,,0,,0,0,0,0,1,0,0,Werrington,,0,,,0,P0199,0,0,0,,,0,0,0,,0,0,0,0,0,0,0,0,0,,0,,0,,
114267,CBINGL,SUN120,      3959,CCOLES,120 Sunnymead,Werrington,Peterborough,,PE4 5BZ,,,011,,,,495,N,10,HB,,SUNN120,ò,B,1,M,,,1,M,0,,,,,,,,,,,02/10/2005,,03/02/1998,PEP,,0,0,I,0,,O,,,N,,,,0,0,0,0,0,,,0,,,,01/01/9999,,,0,Terraced,House,,,,1,0,,,01/01/9999,0,,,,0,0,,,,0,A,0,0,2,0,0,0,0,0,0,0,0,0,0,N,0,0,,0,,0,,0,,0,0,0,0,3,0,0,Werrington,,0,,,0,W572,0,0,0,,,0,0,0,,0,0,0,0,0,0,0,0,0,,0,,0,,
114268,CSELLA,SWA043,,,43 Swanspool,Ravensthorpe,Peterborough,,PE3 7LS,,,341,,,,395,N,10,C,,SWAN 43,7,B,1,M,,,1,M,0,,,,,,,,,,,01/01/9999,,27/03/1998,PEP,01/02/1998,0,0,N,0,,O,,,N,,,,0,0,0,0,0,,,0,,,,01/01/9999,,,4,Terraced,House,,,,1,0,,,01/01/9999,0,,,,0,0,,,,0,A,0,0,3,0,0,2,3,3,0,0,0,0,0,,0,0,,0,,0,,0,,0,0,0,0,3,0,0,Ravensthorpe,,0,,,0,P299,0,0,0,,,0,0,0,,0,0,0,0,0,0,0,0,0,,0,,0,,
114146,CKNEES,MOU004,      1976,ELWALK,4 Moulton Grove,Westwood,Peterborough,,PE3 7JG,,,313,,,,270,N,10,HB,,MOUL  4,Ñ,B,1,M,,,1,M,100,,,,,,,,,,,07/03/2008,,18/01/1998,PEP,18/01/1999,0,0,I,0,,O,,,N,,,,0,0,0,0,0,,,0,,,,01/01/9999,,,4,,,,,,1,0,,,01/01/9999,0,,,,0,0,,,,0,A,0,0,1,0,0,0,0,0,0,0,0,0,0,,0,0,,0,,0,,0,,0,0,0,0,3,0,0,Westwood,,0,,,0,P210,0,0,0,,,0,0,0,,0,0,0,0,0,0,0,0,0,,0,,0,,
114147,SHOPE,MOUN05,      3172,KLENIH,5 Mountbatten Way,Ravensthorpe,Peterborough,,PE3 7JU,,,,,,,325,,12,HB,,MOUN  5,ë,,1,M,,,1,M,0,,,,,,,,,,,04/09/2003,,,,,0,0,I,0,,O,,,N,,,,0,0,0,0,0,,,0,,23/10/2002,,,,,0,,,,,,1,0,,,,0,,,,0,0,,,,0,A,0,0,1,0,0,0,0,0,0,0,0,0,0,,0,0,,0,,0,,0,,0,0,0,0,1,0,0,Ravensthorpe,,0,,,0,P0306,0,0,0,,,0,0,0,,0,0,0,0,0,0,0,0,0,,0,,0,,
114148,CNICOL,MUS034,      2406,CJARDI,34 Muswell Road,West Town,Peterborough,,PE3 9EF,,,,,,,400,,12,HB,,MUSW 34,f,,1,M,,,1,M,0,,,,,,,,,,,24/12/2004,,,,,0,0,I,0,,O,,,L,,,,0,0,0,0,0,,,0,,07/06/1999,,,,,0,Semi-Detached,House,,,,1,0,,,,0,,,,0,0,,,,0,A,0,0,3,0,0,0,0,0,0,0,0,0,0,,0,0,,0,,0,,0,,0,0,0,0,1,0,0,West Town,,0,,,0,P0,0,0,0,,,0,0,0,,0,0,0,0,0,0,0,0,0,,0,,0,,
114119,SBEETO,MAY021,,,21 Mayors Walk,West Town,Peterborough,,PE3 6EU,,,,,,,475,,12,C,,MAYO 21,A,,1,M,,,1,M,0,,,,,,,,,,,01/01/9999,,,,,0,0,N,0,,O,,,L,,,,0,0,0,0,0,,,0,,03/08/1998,,,,,0,Terraced,House,,,,1,0,,,,0,,,,0,0,,,,0,A,0,0,3,0,0,0,0,0,0,0,0,0,0,,0,0,,0,,0,,0,,0,0,0,0,1,0,0,West Town,,0,,,0,P477,0,0,0,,,0,0,0,,0,0,0,0,0,0,0,0,0,,0,,0,,
114120,DFERRA,MAY075,      2688,MGARRA,75a Mayors Walk,West Town,Peterborough,,PE3 6EX,,T,215,,,,270,N,10,C,,MAYO 75,™,B,1,M,,,1,M,0,,,,,,,,,,,04/08/2001,,,,,0,0,I,0,,O,,,N,,,,0,0,0,0,0,,,0,,,,01/01/9999,,,0,First Floor,Flat,,,,1,0,,,01/01/9999,0,,,,0,0,,,,0,A,0,0,1,0,0,0,0,0,0,0,0,0,0,,0,0,,0,,0,,0,,0,0,0,0,3,0,0,West Town,,0,,,0,P21,0,0,0,,,0,0,0,,0,0,0,0,0,0,0,0,0,,0,,0,,
114121,PRIME,MEA015,,,15 Meadenvale,Parnwell,Peterborough,,PE1 5PY,,,,,,,380,,10,C,,MEAD 15,>,,1,M,,,1,M,0,,,,,,,,,,,01/01/9999,,,,,0,0,N,0,,O,,,N,,,,0,0,0,0,0,,,0,,21/05/2003,,,,,0,Terraced,,,,,1,0,,,,0,,,,0,0,,,,0,A,0,0,1,0,0,0,0,0,0,0,0,0,0,,0,0,,0,,0,,0,,0,0,0,0,1,0,0,Parnwell,,0,,,0,P0454,0,0,0,,,0,0,0,,0,0,0,0,0,0,0,0,0,,0,,0,,
114293,EWILLI,WAI119,      3664,BJELIT,119 Wainwright,Werrington,Peterborough,,PE4 5AH,,,,,,,325,,10,C,,WAIN119,þ,,1,M,,,1,M,0,,,,,,,,,,,06/01/2005,,,,,0,0,I,0,,O,,,N,,,,0,0,0,0,0,,,0,,21/03/2003,,,,,0,Ground Floor,Flat,,,,1,0,,,,0,,,,0,0,,,,0,A,0,0,1,0,0,0,0,0,0,0,0,0,0,,0,0,,0,,0,,0,,0,0,0,0,1,0,0,Werrington,,0,,,1,W372,0,0,0,,,0,0,0,,0,0,0,0,0,0,0,0,0,,0,,0,,
114294,MOCONN,WAI49B,      3953,LHARVE,49b Wainwright,Werrington,Peterborough,,PE4 5AG,,,,,,,410,,12,C,,WAIN 49,e,,1,M,,,1,M,0,,,,,,,,,,,26/09/2005,,,,,0,0,I,0,,O,,,N,,,,0,0,0,0,0,,,0,,18/06/2003,,,,,0,Terraced,House,,,,1,0,,,,0,,,,0,0,,,,0,A,0,0,1,0,0,0,0,0,0,0,0,0,0,,0,0,,0,,0,,0,,0,0,0,0,1,0,0,Werrington,,0,,,1,W50,0,0,0,,,0,0,0,,0,0,0,0,0,0,0,0,0,,0,,0,,
114295,EDUMBI,WAL033,      3078,LAUCHT,33 Walgrave,Orton Malborne,Peterborough,Cambs,PE2 5NR,,,,,,,425,,12,C,,WALG 33,°,,1,M,,,1,M,0,,,,,,,,,,,24/05/2003,,,,,0,0,I,0,,O,,,N,,,,0,0,0,0,0,,,0,,23/08/2002,,,,,0,,,,,,1,0,,,,0,,,,0,0,,,,0,A,0,0,2,0,0,0,0,0,0,0,0,0,0,,0,0,,0,,0,,0,,0,0,0,0,1,0,0,Orton Malborne,,0,,,1,P0237,0,0,0,,,0,0,0,,0,0,0,0,0,0,0,0,0,,0,,0,,
113856,WOODST,ACC030,,,BROOKDALE ACCOUNT,,,,,,,,,,,0,N,10,C,,BROO  0,#,B,1,M,,,1,M,0,,,,,,,,,,,01/01/9999,,,,,0,0,N,0,,O,,,N,,,,0,0,0,0,0,,,0,,,,01/01/9999,,,0,,,,,,1,0,,,01/01/9999,0,,,,0,0,,,,0,A,0,0,1,0,0,0,0,0,0,0,0,0,0,,0,0,,0,,0,,0,,0,0,0,0,3,0,0,,,0,,,0,P191,0,0,0,,,0,0,0,,0,0,0,0,0,0,0,0,0,,0,,0,,
113857,JULIAN,ACC031,,,BROOKDALE ACCOUNT,,,,,,,,,,,0,,10,C,,BROO  0,%,,1,M,,,1,M,0,,,,,,,,,,,01/01/9999,,,,,0,0,N,0,,O,,,N,,,,0,0,0,0,0,,,0,,11/06/2001,,,,,0,,,,,,1,0,,,,0,,,,0,0,,,,0,A,0,0,0,0,0,0,0,0,0,0,0,0,0,,0,0,,0,,0,,0,,0,0,0,0,1,0,0,,,0,,,0,P653,0,0,0,,,0,0,0,,0,0,0,0,0,0,0,0,0,,0,,0,,
113858,PETER1,ACC033,,,BROOKDALE ACCOUNT,,,,,,,,,,,0,,10,C,,BROO  0,!,,1,M,,,1,M,0,,,,,,,,,,,01/01/9999,,,,,0,0,N,0,,O,,,N,,,,0,0,0,0,0,,,0,,26/07/2001,,,,,0,,,,,,1,0,,,,0,,,,0,0,,,,0,A,0,0,0,0,0,0,0,0,0,0,0,0,0,,0,0,,0,,0,,0,,0,0,0,0,1,0,0,,,0,,,0,P665,0,0,0,,,0,0,0,,0,0,0,0,0,0,0,0,0,,0,,0,,
114260,JHOPE,STA109,,,109 Stagshaw Drive,Fletton,Peterborough,Cambs,PE2 8NG,Sol - 02084496125,F,248,,,,395,N,12,HB,,STAG109,g,B,1,M,,,1,M,100,,,,,,,,,,,01/01/9999,,,,,0,0,N,0,,O,,,N,,,,0,0,0,0,0,,,0,,,,01/01/9999,,,0,,Flat,,,,1,0,,,01/01/9999,0,,,,0,0,,,,0,A,0,0,1,0,0,0,0,0,0,0,0,0,0,,0,0,,0,,0,,0,,0,0,0,0,3,0,0,Fletton,,0,,,0,W107,0,0,0,,,0,0,0,,0,0,0,0,0,0,0,0,0,,0,,0,,
114261,MTOMLI,STU037,      2951,NFERRE,37 Stumpacre,Bretton,Peterborough,,PE3 8HR,,,380,,,,350,N,10,HB,,STUM 37,õ,B,1,M,,,1,M,0,,,,,,,,,,,17/05/2005,,20/03/1998,PEP,20/03/1999,0,0,I,0,,O,,,N,,,,0,0,0,0,0,,,0,,,,13/02/1999,,,0,Ground Floor,Flat,,,,1,0,,,01/01/9999,0,,,,0,0,,,,0,A,0,0,1,0,0,0,0,0,0,0,0,0,0,N,0,0,,0,,0,,0,,0,0,0,0,3,0,0,Bretton,,0,,,0,P160,0,0,0,,,0,0,0,,0,0,0,0,0,0,0,0,0,,0,,0,,
114262,MTOMLI,STU051,      4095,JALLEN,51 Stumpacre,Bretton,Peterborough,,PE3 8HR,,,385,,,,380,N,10,HB,,STUM 51,‚,B,1,M,,,1,M,100,,,,,,,,,,,13/02/2006,,08/10/1997,PEP,07/10/1998,0,0,I,0,,O,,,N,,,,0,0,0,0,0,,,0,,,,01/01/9999,,,4,Ground Floor,Flat,,,,1,0,,,01/01/9999,0,,,,0,0,,,,0,A,0,0,1,0,0,0,0,0,0,0,0,0,0,,0,0,,0,,0,,0,,0,0,0,0,3,0,0,Bretton,,0,,,0,P193,0,0,0,,,0,0,0,,0,0,0,0,0,0,0,0,0,,0,,0,,
113853,SECOND,ACC025,,,BROOKDALE ACCOUNT,,,,,,,,,,,0,,10,C,,BROO  0,!,,1,M,,,1,M,0,,,,,,,,,,,01/01/9999,,,,,0,0,N,0,,O,,,N,,,,0,0,0,0,0,,,0,,07/03/2000,,,,,0,,,,,,1,0,,,,0,,,,0,0,,,,0,A,0,0,0,0,0,0,0,0,0,0,0,0,0,,0,0,,0,,0,,0,,0,0,0,0,1,0,0,,,0,,,0,P570,0,0,0,,,0,0,0,,0,0,0,0,0,0,0,0,0,,0,,0,,
113854,MARPOL,ACC026,,,BROOKDALE ACCOUNT,,,,,,,,,,,0,,10,C,,BROO  0,"""",,1,M,,,1,M,0,,,,,,,,,,,01/01/9999,,,,,0,0,N,0,,O,,,N,,,,0,0,0,0,0,,,0,,22/06/2000,,,,,0,,,,,,1,0,,,,0,,,,0,0,,,,0,A,0,0,0,0,0,0,0,0,0,0,0,0,0,,0,0,,0,,0,,0,,0,0,0,0,1,0,0,,,0,,,0,P591,0,0,0,,,0,0,0,,0,0,0,0,0,0,0,0,0,,0,,0,,
113855,RGRAHA,ACC029,,,Brookdale Account,,,,,,,,,,,0,,10,C,,BROO  0,!,,1,M,,,1,M,0,,,,,,,,,,,01/01/9999,,,,,0,0,N,0,,O,,,N,,,,0,0,0,0,0,,,0,,15/07/2002,,,,,0,,,,,,1,0,,,,0,,,,0,0,,,,0,A,0,0,0,0,0,0,0,0,0,0,0,0,0,,0,0,,0,,0,,0,,0,0,0,0,1,0,0,,,0,,,0,P0212,0,0,0,,,0,0,0,,0,0,0,0,0,0,0,0,0,,0,,0,,
114155,CWEIGH,NIG064,,,64 Nightingale Court,Gunthorpe,Peterborough,,PE4 7FH,,,,,,,390,,10,C,,NIGH 64,2,,1,M,,,1,M,0,,,,,,,,,,,01/01/9999,,,,,0,0,N,0,,O,,,N,,,,0,0,0,0,0,,,0,,05/01/2003,,,,,0,,,,,,1,0,,,,0,,,,0,0,,,,0,A,0,0,1,0,0,0,0,0,0,0,0,0,0,,0,0,,0,,0,,0,,0,0,0,0,1,0,0,Gunthorpe,,0,,,0,P0351,0,0,0,,,0,0,0,,0,0,0,0,0,0,0,0,0,,0,,0,,
114156,BBAWA,NOR028,      3795,JONYAN,28 North Street,Peterborough Centre,Cambridgeshire,,PE1 2RA,,,334,,,,475,N,10,C,,NORT 28,ð,B,1,M,,,1,M,0,,,,,,,,,,,14/04/2005,,30/10/1997,PEP,29/10/1998,0,0,I,0,,O,,,P,,,,0,0,0,0,0,,,0,,,,01/01/9999,,,4,Terraced,Flat,,,,1,0,,,01/01/9999,0,,,,0,0,,,,0,A,0,0,2,0,0,0,0,0,0,0,0,0,0,,0,0,,0,,0,,0,,0,0,0,0,3,0,0,Centre,,0,,,0,W63,0,0,0,,,0,0,0,,0,0,0,0,0,0,0,0,0,,0,,0,,6114
114157,CJONES,NOR097,      3997,PLAVEN,97 North Street,Stanground,Peterborough,Cambs,PE2 8HS,,,,,,,450,,10,C,,NORT 97,[,,1,M,,,1,M,0,,,,,,,,,,,21/11/2005,,,,,0,0,I,0,,O,,,N,,,,0,0,0,0,0,,,0,,24/01/2003,,,,,0,First Floor,Flat,,,,1,0,,,,0,,,,0,0,,,,0,A,0,0,2,0,0,0,0,0,0,0,0,0,0,,0,0,,0,,0,,0,,0,0,0,0,1,0,0,Stanground,,0,,,0,W500,0,0,0,,,0,0,0,,0,0,0,0,0,0,0,0,0,,0,,0,,
114038,SBONHA,HAD065,       544,PMATTH,65 Hadrians Court,Fletton,Peterborough,Cambs,PE2 8NH,S - 01814496125,F,280,,,,280,N,10,HB,,HADR 65,Ä,B,1,M,,,1,M,0,,,,,,,,,,,20/11/2005,,,,,0,0,I,0,,O,,,N,,,,0,0,0,0,0,,,0,,,,01/01/9999,,,0,,Flat,,,,1,0,,,01/01/9999,0,,,,0,0,,,,0,A,0,0,1,0,0,0,0,0,0,0,0,0,0,,0,0,,0,,0,,0,,0,0,0,0,3,0,0,Fletton,,0,,,0,P94,0,0,0,,,0,0,0,,0,0,0,0,0,0,0,0,0,,0,,0,,
114039,CWEIGH,HAD067,      3941,CKING,67 Hadrians Court,Fletton,Peterborough,Cambs,PE2 8NH,,,,,,,495,,10,C,,HADR 67,5,,1,M,,,1,M,0,,,,,,,,,,,13/09/2005,,,,,0,0,I,0,,O,,,N,,,,0,0,0,0,0,,,0,,27/12/2002,,,,,0,First Floor,Flat,,,,1,0,,,,0,,,,0,0,,,,0,A,0,0,2,0,0,0,0,0,0,0,0,0,0,,0,0,,0,,0,,0,,0,0,0,0,1,0,0,Fletton,,0,,,1,W269,0,0,0,,,0,0,0,,0,0,0,0,0,0,0,0,0,,0,,0,,
114040,PRIME,HAD074,      3889,AFEERI,74 Hadrians Court,Fletton,Peterborough,,PE2 8NJ,,,,,,,400,,10,HB,,HADR 74,_x000b_,,1,M,,,1,M,0,,,,,,,,,,,11/07/2005,,,,,0,0,I,0,,O,,,N,,,,0,0,0,0,0,,,0,,17/04/2003,,,,,0,First Floor,Flat,,,,1,0,,,,0,,,,0,0,,,,0,A,0,0,1,0,0,0,0,0,0,0,0,0,0,,0,0,,0,,0,,0,,0,0,0,0,1,0,0,Fletton,,0,,,0,P0422,0,0,0,,,0,0,0,,0,0,0,0,0,0,0,0,0,,0,,0,,
114044,SHOPE,HAN013,      3461,DMORRI,13 Hanbury,Orton Goldhay,Peterborough,Cambs,PE2 5QT,,,,,,,350,,12,HB,,HANB 13,_x0001_,,1,M,,,1,M,0,,,,,,,,,,,25/07/2004,,,,,0,0,I,0,,O,,,N,,,,0,0,0,0,0,,,0,,27/05/2003,,,,,0,,,,,,1,0,,,,0,,,,0,0,,,,0,A,0,0,1,0,0,0,0,0,0,0,0,0,0,,0,0,,0,,0,,0,,0,0,0,0,1,0,0,Orton Goldhay,,0,,,0,W270,0,0,0,,,0,0,0,,0,0,0,0,0,0,0,0,0,,0,,0,,
114045,LDINSD,HAN017,      2467,FTHOMP,17 Hanbury,,Orton Goldhay,PETERBOROUGH,PE2 5QT,,F,083,,,,300,N,12,HB,,HANB 17,W,B,1,M,,,1,M,0,,,,,,,,,,,05/06/2000,,24/04/1998,,24/04/1999,0,1,I,0,,O,,,N,,,,0,0,0,0,0,,,0,,,,20/03/1999,,,0,Top Floor,Flat,,,,1,0,,,01/01/9999,0,,,,0,0,,,,0,A,0,0,2,0,0,2,3,0,0,0,0,0,0,,0,0,,0,,0,,0,,0,0,0,0,3,0,0,Orton Goldhay,,0,,,0,P29,0,0,0,,,0,0,0,,0,0,0,0,0,0,0,0,0,,0,,0,,
114046,TKHONG,HAZ025,      3885,AMASON,25 Hazelcroft,Werrington,,PETERBOROUGH,PE4 5BJ,ALARM 1212 YES,D,273,,,,590,N,10,C,,HAZE 25,®,B,1,M,,,1,M,0,,,,,,,,,,,23/04/2005,,22/01/1997,PEP,21/01/1998,0,0,I,0,,O,,,N,,,,0,0,0,0,0,,,0,,,,01/01/9999,,,4,Detached,House,,,,1,0,,,01/01/9999,0,,,,0,0,,,,0,A,0,0,4,0,0,2,3,4,0,0,0,0,0,,0,0,,0,,0,,0,,0,0,0,0,3,0,0,Werrington,,0,,,0,P47,0,0,0,,,0,0,0,,0,0,0,0,0,0,0,0,0,,0,,0,,
113859,ISMITH,ACC040,,,BROOKDALE ACCOUNT,,,,,,,,,,,0,N,10,C,,BROO  0,!,B,1,M,,,1,M,0,,,,,,,,,,,01/01/9999,,,,,0,0,N,0,,O,,,N,,,,0,0,0,0,0,,,0,,,,01/01/9999,,,0,,,,,,1,0,,,01/01/9999,0,,,,0,0,,,,0,A,0,0,1,0,0,0,0,0,0,0,0,0,0,,0,0,,0,,0,,0,,0,0,0,0,3,0,0,,,0,,,0,P208,0,0,0,,,0,0,0,,0,0,0,0,0,0,0,0,0,,0,,0,,
113860,GLLOYD,ACC041,,,Brookdale Account,,,,,,,,,,,0,,10,C,,BROO  0,!,,1,M,,,1,M,0,,,,,,,,,,,01/01/9999,,,,,0,0,N,0,,O,,,N,,,,0,0,0,0,0,,,0,,19/09/2002,,,,,0,,,,,,1,0,,,,0,,,,0,0,,,,0,A,0,0,0,0,0,0,0,0,0,0,0,0,0,,0,0,,0,,0,,0,,0,0,0,0,1,0,0,,,0,,,0,P0259,0,0,0,,,0,0,0,,0,0,0,0,0,0,0,0,0,,0,,0,,
113861,RXEROX,ACC050,,,BROOKDALE ACCOUNT,,,,,,,,,,,0,N,10,C,,BROO  0,!,B,1,M,,,1,M,0,,,,,,,,,,,01/01/9999,,,,,0,0,N,0,,O,,,N,,,,0,0,0,0,0,,,0,,,,01/01/9999,,,0,,,,,,1,0,,,01/01/9999,0,,,,0,0,,,,0,A,0,0,1,0,0,0,0,0,0,0,0,0,0,,0,0,,0,,0,,0,,0,0,0,0,3,0,0,,,0,,,0,P209,0,0,0,,,0,0,0,,0,0,0,0,0,0,0,0,0,,0,,0,,
114143,MROGER,MON005,      2794,EMENEA,5 Montagu Road,Walton,Peterborough,,PE4 6EE,,,,,,,350,,12,C,,MONT  5,þ,,1,M,,,1,M,0,,,,,,,,,,,02/03/2002,,,,,0,0,I,0,,O,,,N,,,,0,0,0,0,0,,,0,,04/09/2001,,,,,0,,,,,,1,0,,,,0,,,,0,0,,,,0,A,0,0,2,0,0,0,0,0,0,0,0,0,0,,0,0,,0,,0,,0,,0,0,0,0,1,0,0,Walton,,0,,,0,P680,0,0,0,,,0,0,0,,0,0,0,0,0,0,0,0,0,,0,,0,,
114144,LHILLI,MON013,      3860,JGODBY,13 Monument Street,Eastfield,Peterborough,,PE1 4AQ,,,,,,,525,,12,C,,MONU 13,Å,,1,M,,,1,M,0,,,,,,,,,,,05/06/2005,,,,,0,0,I,0,,O,,,N,,,,0,0,0,0,0,,,0,,08/10/2001,,,,,0,Terraced,House,,,,1,0,,,,0,,,,0,0,,,,0,A,0,0,3,0,0,0,0,0,0,0,0,0,0,,0,0,,0,,0,,0,,0,0,0,0,1,0,0,Eastfield,,0,,,0,W589,0,0,0,,,0,0,0,,0,0,0,0,0,0,0,0,0,,0,,0,,
114145,ALOREN,MON046,      1684,TALLEN,46 Montagu Road,Walton,Peterborough,Cambs,PE4 6EP,,,019,,,,0,N,10,HB,,MONT 46,s,B,1,M,,,1,M,0,,,,,,,,,,,01/01/2000,,26/05/1998,PEP,26/05/1999,0,0,I,0,,O,,,N,,,,0,0,0,0,0,,,0,,,,21/04/1999,,,0,,,,,,1,0,,,01/01/9999,0,,,,0,0,,,,0,A,0,0,1,0,0,0,0,0,0,0,0,0,0,,0,0,,0,,0,,0,,0,0,0,0,3,0,0,Walton,,0,,,0,P264,0,0,0,,,0,0,0,,0,0,0,0,0,0,0,0,0,,0,,0,,
114062,DBAKER,HOM002,      1533,AWATSO,Apartment 2,Homenene House,Orton Goldhay,Peterborough,PE2 5PP,,,128,,,,0,N,10,HB,,APAR  0,i,B,1,M,,,1,M,0,,,,,,,,,,,01/01/2000,,,,,0,0,I,0,,O,,,N,,,,0,0,0,0,0,,,0,,,,01/01/9999,,,0,,,,,,1,0,,,01/01/9999,0,,,,0,0,,,,0,A,0,0,1,0,0,0,0,0,0,0,0,0,0,,0,0,,0,,0,,0,,0,0,0,0,3,0,0,Orton Goldhay,,0,,,0,P323,0,0,0,,,0,0,0,,0,0,0,0,0,0,0,0,0,,0,,0,,
114063,THIND,HOM010,      3932,SWRIG1,10 Home Pasture,Werrington,Peterborough,,PE4 5AW,,,,,,,415,,10,HB,,HOME 10,G,,1,M,,,1,M,0,,,,,,,,,,,06/09/2005,,,,,0,0,I,0,,L,,,N,,,,0,0,0,0,0,,,0,,21/03/2003,,,,,0,,,,,,1,0,,,,0,,,,0,0,,,,0,A,0,0,1,0,0,0,0,0,0,0,0,0,0,,0,0,,0,,0,,0,,0,0,0,0,1,0,0,Werrington,,0,,,1,P0409,0,0,0,,,0,0,0,,0,0,0,0,0,0,0,0,0,,0,,0,,
114064,ASELLE,HON014,      3095,BTAYLO,14 Honeysuckle Court,Woodston,Peterborough,Cambs,PE2 9JT,,,,,,,470,,10,HB,,HONE 14,_x0011_,,1,M,,,1,M,0,,,,,,,,,,,08/06/2003,,,,,0,0,I,0,,O,,,N,,,,0,0,0,0,0,,,0,,24/09/2002,,,,,0,,,,,,1,0,,,,0,,,,0,0,,,,0,A,0,0,2,0,0,0,0,0,0,0,0,0,0,,0,0,,0,,0,,0,,0,0,0,0,1,0,0,Woodston,,0,,,1,P0261,0,0,0,,,0,0,0,,0,0,0,0,0,0,0,0,0,,0,,0,,
113871,JBALLA,ALB097,      3169,JHARR1,97 Albany Walk,Woodston,Peterborough,Cambs,PE2 9JW,,,,,,,370,,10,C,,ALBA 97,,,1,M,,,1,M,0,,,,,,,,,,,13/09/2003,,,,,0,0,I,0,,O,,,N,,,,0,0,0,0,0,,,0,,15/02/2003,,,,,0,,,,,,1,0,,,,0,,,,0,0,,,,0,A,0,0,1,0,0,0,0,0,0,0,0,0,0,,0,0,,0,,0,,0,,0,0,0,0,1,0,0,Woodston,,0,,,1,P0383,0,0,0,,,0,0,0,,0,0,0,0,0,0,0,0,0,,0,,0,,
113872,SPAGE,ALB103,      3109,TEVANS,103 Albany Walk,Woodston,Peterborough,,PE2 9JW,,,065,,,,350,N,10,C,,ALBA103,q,B,1,M,,,1,M,0,,,,,,,,,,,22/06/2003,,,,,0,0,I,0,,O,,,N,,,,0,0,0,0,0,,,0,,,,01/01/9999,,,0,Top Floor,Flat,,,,1,0,,,01/01/9999,0,,,,0,0,,,,0,A,0,0,1,0,0,1,3,0,0,0,0,0,0,,0,0,,0,,0,,0,,0,0,0,0,3,0,0,Woodston,,0,,,1,P288,0,0,0,,,0,0,0,,0,0,0,0,0,0,0,0,0,,0,,0,,
113873,BANE01,ALC001,      2874,KFORD,1 Alconbury Close,Stanground,Peterborough,,PE2 8SA,767185,,062,,,,365,N,12,HB,,ALCO  1,Æ,B,1,M,,,1,M,100,,,,,,,,,,,05/08/2002,,28/05/1998,PEP,28/05/1999,0,0,I,0,,O,,,N,,,,0,0,0,0,0,,,0,,,,23/04/1999,,,0,Terraced,House,,,,1,0,,,01/01/9999,0,,,,0,0,,,,0,A,0,0,2,0,0,0,0,0,0,0,0,0,0,,0,0,,0,,0,,0,,0,0,0,0,3,0,0,Stanground,,0,,,0,P170,0,0,0,,,0,0,0,,0,0,0,0,0,0,0,0,0,,0,,0,,
114017,SCSMIT,FOXCOV,,,'Fox Covert Cottage',Thorpe Court,Thorpe Waterville,Nr Oundle,NN14 3ED,,,,,,,660,,10,C,,FOXC  0,(,,1,M,,,1,M,0,,,,,,,,,,,01/01/9999,,,,,0,0,N,0,,O,,,N,,,,0,0,0,0,0,,,0,,29/05/2002,,,,,0,,,,,,1,0,,,,0,,,,0,0,,,,0,A,0,0,2,0,0,0,0,0,0,0,0,0,0,,0,0,,0,,0,,0,,0,0,0,0,1,0,0,Exclusive,,0,,,0,P0181,0,0,0,,,0,0,0,,0,0,0,0,0,0,0,0,0,,0,,0,,
114018,PRIME,FRA050,,,50 Framlingham Road,Park Farm,Stanground,Peterborough,PE2 8UG,,,,,,,600,,10,C,,FRAM 50,™,,1,M,,,1,M,0,,,,,,,,,,,01/01/9999,,,,,0,0,N,0,,O,,,N,,,,0,0,0,0,0,,,0,,17/04/2003,,,,,0,Detached,House,,,,1,0,,,,0,,,,0,0,,,,0,A,0,0,3,0,0,0,0,0,0,0,0,0,0,,0,0,,0,,0,,0,,0,0,0,0,1,0,0,Stanground,,0,,,0,W201,0,0,0,,,0,0,0,,0,0,0,0,0,0,0,0,0,,0,,0,,
114019,TDONNE,FRE068,      2833,EMCDOW,68 Freston,Paston,Peterborough,,PE4 7EW,,,302,,,,330,N,10,HB,,FRES 68,æ,B,1,M,,,1,M,0,,,,,,,,,,,17/05/2002,,12/05/1998,PEP,12/05/1999,0,0,I,0,,O,,,N,,,,0,0,0,0,0,,,0,,,,07/04/1999,,,0,,,,,,1,0,,,01/01/9999,0,,,,0,0,,,,0,A,0,0,1,0,0,0,0,0,0,0,0,0,0,,0,0,,0,,0,,0,,0,0,0,0,3,0,0,Paston,,0,,,0,P393,0,0,0,,,0,0,0,,0,0,0,0,0,0,0,0,0,,0,,0,,
114299,SBLOOD,WAS008,      2958,SCOATE,8 Wasdale Gardens,Gunthorpe,Peterborough,Cambs,PE4 7ZT,,,,,,,340,,12,C,,WASD  8,ü,,1,M,,,1,M,0,,,,,,,,,,,30/12/2002,,,,,0,0,I,0,,O,,,N,,,,0,0,0,0,0,,,0,,17/01/2000,,,,,0,,,,,,1,0,,,,0,,,,0,0,,,,0,A,0,0,1,0,0,0,0,0,0,0,0,0,0,,0,0,,0,,0,,0,,0,0,0,0,1,0,0,Gunthorpe,,0,,,0,P560,0,0,0,,,0,0,0,,0,0,0,0,0,0,0,0,0,,0,,0,,
114300,CJACKS,WAS034,      3782,HHINED,34 Wasdale Gardens,Gunthorpe,Peterborough,Cambs,PE4 7ZT,ALARM No. 3451,,,,,,410,,10,C,,WASD 34,±,,1,M,,,1,M,0,,,,,,,,,,,26/03/2005,,,,,0,0,I,0,,O,,,N,,,,0,0,0,0,0,,,0,,10/07/2002,,,,,0,Terraced,House,,,,1,0,,,,0,,,,0,0,,,,0,A,0,0,1,0,0,0,0,0,0,0,0,0,0,,0,0,,0,,0,,0,,0,0,0,0,1,0,0,Gunthorpe,,0,,,1,W69,0,0,0,,,0,0,0,,0,0,0,0,0,0,0,0,0,,0,,0,,
114301,MTOMLI,WAT002,      3796,JCUDMO,2 Watergall,Bretton,Peterborough,,PE3 8NA,,,389,,,,515,N,10,C,,WATE  2,á,B,1,M,,,1,M,100,,,,,,,,,,,16/04/2005,,27/11/1997,PEP,26/11/1998,0,0,I,0,,O,,,N,,,,0,0,0,0,0,,,0,,,,01/01/9999,,,4,Terraced,House,,,,1,0,,,01/01/9999,0,,,,0,0,,,,0,A,0,0,3,0,0,0,0,0,0,0,0,0,0,,0,0,,0,,0,,0,,0,0,0,0,3,0,0,Bretton,,0,,,0,W535,0,0,0,,,0,0,0,,0,0,0,0,0,0,0,0,0,,0,,0,,
114026,GLIGOU,GIL016,      3515,JCRIGH,16 Gilpin Street,New England,Peterborough,,PE1 3BS,,,154,,,,395,N,10,C,,GILP 16,‹,B,1,M,,,1,M,0,,,,,,,,,,,29/08/2004,,28/04/1997,PEP,27/04/1998,0,0,I,0,,O,,,N,,,,0,0,0,0,0,,,0,,,,01/01/9999,,,4,Ground Floor,Flat,,,,1,0,,,01/01/9999,0,,,,0,0,,,,0,A,0,0,1,0,0,0,0,0,0,0,0,0,0,,0,0,,0,,0,,0,,0,0,0,0,3,0,0,New England,,0,,,0,W301,0,0,0,,,0,0,0,,0,0,0,0,0,0,0,0,0,,0,,0,,
114027,GLIGOU,GIL16A,      3538,JWARD,16a Gilpin Street,New England,Peterborough,,PE1 3BS,,,187,,,,395,N,10,C,,GILP 16,P,B,1,M,,,1,M,0,,,,,,,,,,,30/09/2004,,,,,0,0,I,0,,O,,,N,,,,0,0,0,0,0,,,0,,,,01/01/9999,,,0,First Floor,Flat,,,,1,0,,,01/01/9999,0,,,,0,0,,,,0,A,0,0,1,0,0,0,0,0,0,0,0,0,0,,0,0,,0,,0,,0,,0,0,0,0,3,0,0,New England,,0,,,0,W302,0,0,0,,,0,0,0,,0,0,0,0,0,0,0,0,0,,0,,0,,
114028,LELPHI,GLE030,      3248,RBARNE,30 Glebe Road,Fletton,Peterborough,Cambs,PE2 8BG,,,,,,,425,,10,C,,GLEB 30,U,,1,M,,,1,M,0,,,,,,,,,,,08/12/2003,,,,,0,0,I,0,,O,,,N,,,,0,0,0,0,0,,,0,,21/03/2003,,,,,0,,,,,,1,0,,,,0,,,,0,0,,,,0,A,0,0,1,0,0,0,0,0,0,0,0,0,0,,0,0,,0,,0,,0,,0,0,0,0,1,0,0,Fletton,,0,,,1,P0411,0,0,0,,,0,0,0,,0,0,0,0,0,0,0,0,0,,0,,0,,
114029,SONEIL,GOR038,,,38 Gordon Avenue,Woodston,Peterborough,Cambs,PE2 9HR,,,,,,,450,,10,C,,GORD 38,G,,1,M,,,1,M,0,,,,,,,,,,,01/01/9999,,,,,0,0,N,0,,O,,,N,,,,0,0,0,0,0,,,0,,18/10/2002,,,,,0,,,,,,1,0,,,,0,,,,0,0,,,,0,A,0,0,3,0,0,0,0,0,0,0,0,0,0,,0,0,,0,,0,,0,,0,0,0,0,1,0,0,Woodston,,0,,,0,P0297,0,0,0,,,0,0,0,,0,0,0,0,0,0,0,0,0,,0,,0,,
114030,PPURCE,GOR071,      2862,TBECKE,71 Gordon Avenue,Woodston,Peterborough,,PE2 9HS,,,102,,,,360,N,12,HB,,GORD 71,Ì,B,1,M,,,1,M,0,,,,,BRITIS,EASTER,,,,,20/07/2002,,,,,0,0,I,0,,O,,,N,,,,0,0,0,0,0,,,0,,,,01/01/9999,,,0,,,,,,1,0,,,01/01/9999,0,,,,0,0,,,,0,A,0,0,3,0,0,0,3,0,0,0,0,0,0,,0,0,,0,,0,,0,,0,0,0,0,3,0,0,Woodston,,0,,,0,P381,0,0,0,,,0,0,0,,0,0,0,0,0,0,0,0,0,,0,,0,,
114031,RCRISP,GOR083,,,83 Gordon Avenue,Woodston,Peterborough,Cambs,,,,143,,,,0,,10,C,,GORD 83,_x0012_,,1,M,,,1,M,0,,,,,,,,,,,01/01/9999,,04/07/1997,,04/07/1998,0,1,N,0,,O,,,N,,,,0,0,0,0,0,,,0,,08/04/1998,,01/01/9999,,,4,,,,,,1,0,,,01/01/9999,0,,,,0,0,,,,0,A,0,0,1,0,0,0,0,0,0,0,0,0,0,,0,0,,0,,0,,0,,0,0,0,0,3,0,0,Woodston,,0,,,0,P449,0,0,0,,,0,0,0,,0,0,0,0,0,0,0,0,0,,0,,0,,
114362,MBUTTR,DRE025,,,DREAM TEAM CHAMPIONSHIP,,,,,,,,,,,0,,10,C,,DREA  0,!,,1,M,,,1,M,0,,,,,,,,,,,,,,,,0,0,P,0,,O,,,N,,,,0,0,0,0,0,,,0,,23/08/2003,,,,,0,,,,,,1,0,,,,0,,,,0,0,,,,0,A,0,0,0,0,0,0,0,0,0,0,0,0,0,,0,0,,0,,0,,0,,0,0,0,0,1,0,0,,,0,,,0,P0484,0,0,0,,,0,0,0,,0,0,0,0,0,0,0,0,0,,0,,0,,
114363,JHART1,DRE015,,,DREAM TEAM CHAMPIONSHIP,,,,,,,,,,,0,,10,C,,DREA  0,!,,1,M,,,1,M,0,,,,,,,,,,,,,,,,0,0,P,0,,O,,,N,,,,0,0,0,0,0,,,0,,23/08/2003,,,,,0,,,,,,1,0,,,,0,,,,0,0,,,,0,A,0,0,0,0,0,0,0,0,0,0,0,0,0,,0,0,,0,,0,,0,,0,0,0,0,1,0,0,,,0,,,0,P0486,0,0,0,,,0,0,0,,0,0,0,0,0,0,0,0,0,,0,,0,,
114364,JHARTL,LON019,,,19 Long Pasture,Werrington,Peterborough,,PE4 5AX,BERNIE - 07931432499,,,,,,480,,10,C,,LONG 19,Q,,1,M,,,1,M,0,,,,,,,,,,,01/01/9999,,,,,0,0,N,0,,O,,,N,,,,0,0,0,0,0,,,0,,26/08/2003,,,,,0,Detached,Bungalow,,,,1,0,,,,0,,,,0,0,,,,0,A,0,0,2,0,0,0,0,0,0,0,0,0,0,,0,0,,0,,0,,0,,0,0,0,0,1,0,0,Werrington,,0,,,0,W126,0,0,0,,,0,0,0,,0,0,0,0,0,0,0,0,0,,0,,0,,
114284,SWALLE,TOL038,      3840,FEHIRE,38 Tollgate,South Bretton,Peterborough,,PE3 9XA,,,,,,,465,,12,C,,TOLL 38,_x0007_,,1,M,,,1,M,0,,,,,,,,,,,14/05/2005,,,,,0,0,I,0,,O,,,N,,,,0,0,0,0,0,,,0,,31/05/2001,,,,,0,Terraced,House,,,,1,0,,,,0,,,,0,0,,,,0,A,0,0,2,0,0,0,0,0,0,0,0,0,0,,0,0,,0,,0,,0,,0,0,0,0,1,0,0,Bretton,,0,,,0,W575,0,0,0,,,0,0,0,,0,0,0,0,0,0,0,0,0,,0,,0,,
114285,KCOLES,TOL080,      4083,PTUMBE,80 Tollgate,South Bretton,Peterborough,,PE3 9XB,,,,,,,500,,12,HB,,TOLL 80,_x000c_,,1,M,,,1,M,0,,,,,,,,,,,30/01/2006,,,,,0,0,I,0,,O,,,N,,,,0,0,0,0,0,,,0,,19/06/2003,,,,,0,Terraced,House,,,,1,0,,,,0,,,,0,0,,,,0,A,0,0,2,0,0,0,0,0,0,0,0,0,0,,0,0,,0,,0,,0,,0,0,0,0,1,0,0,Bretton,,0,,,1,W48,0,0,0,,,0,0,0,,0,0,0,0,0,0,0,0,0,,0,,0,,
114286,ABOWDE,WAI001,      4010,HCOVEL,1 Wainwright,Werrington,Peterborough,,PE4 5AG,,,,,,,410,,12,HB,,WAIN  1,£,,1,M,,,1,M,0,,,,,,,,,,,05/12/2005,,,,,0,0,I,0,,O,,,N,,,,0,0,0,0,0,,,0,,10/09/2001,,,,,0,Terraced,House,,,,1,0,,,,0,,,,0,0,,,,0,A,0,0,1,0,0,0,0,0,0,0,0,0,0,,0,0,,0,,0,,0,,0,0,0,0,1,0,0,Werrington,,0,,,0,P681,0,0,0,,,0,0,0,,0,0,0,0,0,0,0,0,0,,0,,0,,
114071,IBENNI,ILE016,,,16 Ilex Close,Hampton Hargate,Peterborough,Cambs,PE7 8AD,,,,,,,650,,10,C,,ILEX 16,,,1,M,,,1,M,0,,,,,,,,,,,,,,,,0,0,N,0,,O,,,N,,,,0,0,0,0,0,,,0,,12/03/2001,,,,,0,Detached,House,,,,1,0,,,,0,,,,0,0,,,,0,A,0,0,3,0,0,0,0,0,0,0,0,0,0,,0,0,,0,,0,,0,,0,0,0,0,1,0,0,Hampton Hargate,,0,,,0,W350,0,0,0,,,0,0,0,,0,0,0,0,0,0,0,0,0,,0,,0,,
114072,PLUCEY,ING011,      4072,SASHR1,"Flat 11, Ingleborough",Alma Road,Millfield,Peterborough,PE1 3BY,,,119,,,,410,N,10,C,,INGL  011,_x0008_,B,1,M,,,1,M,0,,,,,,,,,,,24/01/2005,,,,,0,0,I,0,,O,,,(,,,,0,0,0,0,0,,,0,,,,01/01/9999,,,0,Top Floor,Flat,,,,1,0,,,01/01/9999,0,,,,0,0,,,,0,A,0,0,1,0,0,0,0,0,0,0,0,0,0,,0,0,,0,,0,,0,,0,0,0,0,3,0,0,Millfield,,0,,,0,P383,0,0,0,,,0,0,0,,0,0,0,0,0,0,0,0,0,,0,,0,,
114073,SHAY,JOR018,,,18 Jorose Way,South Bretton,Peterborough,,PE3 9JR,,,,,,,495,,12,C,,JORO 18,ø,,1,M,,,1,M,0,,,,,,,,,,,01/01/9999,,,,,0,0,N,0,,O,,,N,,,,0,0,0,0,0,,,0,,08/11/2000,,,,,0,Terraced,House,,,,1,0,,,,0,,,,0,0,,,,0,A,0,0,3,0,0,0,0,0,0,0,0,0,0,,0,0,,0,,0,,0,,0,0,0,0,1,0,0,Bretton,,0,,,0,W245,0,0,0,,,0,0,0,,0,0,0,0,0,0,0,0,0,,0,,0,,
114149,RFISHE,MUS062,      3974,CHOBSO,62 Muskham,South Bretton,Peterborough,,PE3 9XX,,,,,,,495,,12,C,,MUSK 62,Ð,,1,M,,,1,M,0,,,,,,,,,,,20/10/2005,,,,,0,0,I,0,,O,,,N,,,,0,0,0,0,0,,,0,,17/05/2002,,,,,0,Terraced,House,,,,1,0,,,,0,,,,0,0,,,,0,A,0,0,3,0,0,0,0,0,0,0,0,0,0,,0,0,,0,,0,,0,,0,0,0,0,1,0,0,Bretton,,0,,,1,W137,0,0,0,,,0,0,0,,0,0,0,0,0,0,0,0,0,,0,,0,,
