PlebIdno,Deleted,Deletereason,Lock,DateAdded,AddedBy,Managedby,Type,Title,Forename,Surname,2Title,2Forename,2Surname,Addr1,Addr2,Addr3,Addr4,PostCode,2Addr1,2Addr2,2Addr3,2Addr4,2Postcode,Telhome,Telwork,Telmobile,Email,Source,Progress,NextContact,Timeadded,Overseas,Overseasnotes,Mailshot,Planorland,Blockletters,Deal,Siteoffice,Buying,Dealnotes,Buyaim
1482,0,0,0,12-14-2011,1,,8,Mr,Dummy Landlord,0 Land Registry,,,,Colwyn Avenue,Parnwell,,,PE1 5RY,,,,,,,,,,39,"LSU - 22/09/2015 10:58:43 - 91 Black Prince Avenue. Owned by Accent Nene._x000d_
LSU - 17/08/2015 14:49:25 - 33 34 35 36 37 38 39 40 41 442 43 44 45 45 46 48 49 50 51 52 53 54 55 56 57 58 59 60 61 62 63 64 65 66 67 68 69 70 71 72 73 74 75 76 Rangefield _x000d_
LSU - 05/08/2015 12:33:44 - 164 165 166 167 168 169 170 171 172 173 174 175 cross keys _x000d_
LSU - 29/07/2015 15:38:51 - 34 36 41 43 45 47 49 51 Atkinson Street MERLIN 2014 LIMITED _x000d_
LSU - 02/07/2015 12:11:57 - 100 eyerscroft - cross keys _x000d_
LSU - 25/06/2015 14:43:00 - 4 Granville Street not on land legistry _x000d_
LSU - 25/06/2015 14:41:30 - 7 stonehouse cout - cant be found on land registry _x000d_
POD - 05/05/2015 16:24:46 - 3 and 4 loch lomond way, not revcognised on Land reg_x000d_
POD - 24/03/2015 12:28:22 - 24 wayside crescent is acc nene_x000d_
CP - 21/03/2015 10:03:07 - 1-22 Stonehouse Court. No LR INFO, sorry DTC._x000d_
POD - 06/02/2015 16:33:38 - 99 fletton avenue x keys_x000d_
POD - 03/02/2015 15:02:10 - 51-60 herlington centre - x keys_x000d_
POD - 03/02/2015 14:16:52 - 28 paynesholme cross keys_x000d_
CP - 30/01/2015 14:32:41 - 4 oban dr. no LR info_x000d_
CP - 30/01/2015 14:29:38 - 1-5 woodside not on market yet but no6 is_x000d_
POD - 23/01/2015 15:29:58 - 113 park street address not known_x000d_
POD - 20/01/2015 12:51:37 - 26 Kingsley Road is just off Saxon Rd, rough as hell area_x000d_
POD - 14/01/2015 14:58:44 - 2/4/6/8/10/12 Lowick Gardens XKeys_x000d_
POD - 13/01/2015 15:19:14 - 1 to 75 st michaels gate akelius uk five ltd, 1 earlham street, london, wc2h 9ll_x000d_
POD - 13/01/2015 15:10:47 - 6 hargate way land reg says not recognised, I checked postcode as well_x000d_
POD - 13/01/2015 15:10:34 - 29 the grove no info available_x000d_
POD - 06/01/2015 10:45:46 - 71 frederick drive address not on database (too new?)_x000d_
POD - 06/01/2015 10:44:44 - 3 towler st no info_x000d_
POD - 06/01/2015 10:44:00 - 751a linc rd no info_x000d_
CP - 27/12/2014 12:52:01 - 9 wren court no reconised._x000d_
POD - 20/12/2014 11:47:17 - 99 and 100 Eyrescroft XKeys_x000d_
POD - 20/12/2014 11:46:42 - 16 neech ct no info_x000d_
POD - 16/12/2014 16:27:27 - 66 Newark Ave, no info on land reg_x000d_
POD - 16/12/2014 16:03:53 - 31 boleyn deleted as now on snatch proper_x000d_
POD - 12/12/2014 11:26:53 - 44-50 herlington centre X keys_x000d_
POD - 12/12/2014 11:25:30 - 76-80 Paston ridings, Cross keys_x000d_
CP - 09/12/2014 09:58:48 - 75 copeswood, owned by terry lucking._x000d_
CP - 09/12/2014 09:34:54 - 16 the maples, no info on _x000d_
POD - 05/12/2014 16:24:00 - flat 6 marcus hse, no info on land reg_x000d_
_x000d_
POD - 05/12/2014 15:39:29 - 207 walton park just comes up as land at walton park, owned by hyde hsg assoc, 30 park st, london, se1 9eq_x000d_
POD - 05/12/2014 13:08:51 - 40 stewartby ave unknown on Land Reg_x000d_
CP - 28/11/2014 10:42:09 - 1 stone lane owned by olive properties._x000d_
POD - 19/11/2014 16:44:52 - 68-75 paston ridings x keys_x000d_
POD - 19/11/2014 16:40:40 - 100 paston ridings Xkeys_x000d_
POD - 18/11/2014 16:24:12 - 41-43 herlington x keys_x000d_
POD - 18/11/2014 16:23:21 - 62 - 66 herlington xkeys_x000d_
POD - 12/11/2014 10:18:40 - 26/28/30/32/34/36/38/40/42/44/46/48 Bank Avenue PE7 8GP all cross keys_x000d_
CP - 05/11/2014 10:32:42 - 108 somervillle. Hyde housing ass._x000d_
CP - 30/10/2014 11:49:39 - 94 mayors walk and apt 8 jub mansions, no infor on lr_x000d_
CP - 29/10/2014 14:36:33 - 201 eagle way no info on lr_x000d_
CP - 28/10/2014 09:31:20 - 63 stagsden cross keys_x000d_
POD - 23/10/2014 16:27:05 - 32 to 40 Herlington Cross keys_x000d_
CP - 23/10/2014 10:57:32 - 1 granville st. no info on lr_x000d_
CP - 23/10/2014 10:47:21 - 6 oban close not on lr_x000d_
POD - 15/10/2014 11:58:05 - flat 1 saffron ct no info on land reg_x000d_
POD - 15/10/2014 11:57:50 - 61 sheepwalk stephen hope_x000d_
POD - 07/10/2014 11:13:51 - 5/7/9/11/15/17/19/21/23/25 Colwyn Ave Bedford Pilgrim Hsg Assoc_x000d_
POD - 29/09/2014 16:43:21 - 10 walton rd, marholm no info on LR_x000d_
POD - 18/09/2014 12:18:52 - 12 to 19 Herlington centre xkeys_x000d_
POD - 18/09/2014 12:17:05 - 12 cumberland xkeys_x000d_
POD - 17/09/2014 12:46:45 - 90 Century Square shared ownership with Acc Nene_x000d_
POD - 16/09/2014 16:21:42 - 79 goffsmill axiom hsg_x000d_
POD - 16/09/2014 16:03:50 - 1080 Bourges area_x000d_
POD - 16/09/2014 16:02:47 - 10 limetree ave area_x000d_
POD - 12/09/2014 16:21:13 - 13 cromwell rd not area we want_x000d_
POD - 12/09/2014 16:20:32 - 40 rols close no info_x000d_
POD - 09/09/2014 16:10:29 - 71-74 South Street Hyde Hsg Assoc._x000d_
POD - 09/09/2014 16:09:41 - 66-69 South street Hyde Hsg Assoc._x000d_
POD - 05/09/2014 13:37:25 - 109 Atherstone avenue, no info on Land Reg_x000d_
POD - 04/09/2014 15:04:11 - 34 saltersgate not registered_x000d_
POD - 04/09/2014 15:02:44 - 118 Howland Cross keys_x000d_
POD - 27/08/2014 16:06:55 - 190 London Rd Cross Keys_x000d_
CP - 19/08/2014 16:39:42 - 115,115a,115b park road, owned by optimum_x000d_
POD - 16/08/2014 11:18:06 - 71 Misterton Ct no info on Land Reg_x000d_
POD - 16/08/2014 11:02:12 - 28 Lutton Grove Illius Properties Ltd, 1 Angel Square, manchester M60 0AG_x000d_
POD - 14/08/2014 16:47:38 - 10 south street, stanground The coucil of the city of peterborough, town hall_x000d_
POD - 14/08/2014 16:42:52 - 76 branston rise, cross keys_x000d_
POD - 14/08/2014 16:37:30 - 10 to 156 Cromwell Rd inclusive Hyde Housing association ltd, 30 park street london se1 9eq_x000d_
POD - 31/07/2014 14:57:47 - 2-11 Herlington Cross Keys_x000d_
CP - 30/07/2014 15:40:36 - 9 beech, not reg on lr_x000d_
CP - 30/07/2014 14:02:21 - 1a mcintryre cy, not listed._x000d_
POD - 28/07/2014 10:37:31 - 58 - 65 south st, stanground Hyde Housing Assoc, 30 Park St London SE1 9EQ_x000d_
CP - 26/07/2014 10:44:38 - 20 walnut mwes no info on land reg_x000d_
POD - 23/07/2014 14:47:27 - 60 somerville Proxima GR Properties Ltd, Molteno House, 302 Regents Park Road, London.  N3 2JX_x000d_
POD - 23/07/2014 14:41:37 - 4 vere road Basharat Hussain c/o Taylor Rose Law, Northminster House, PE1 1YN_x000d_
POD - 23/07/2014 14:34:02 - 63/64/65/66/67/68 Sprignall all Cross Keys_x000d_
CP - 23/07/2014 13:23:32 - 16 Everest way, hempsted, not reged_x000d_
CP - 18/07/2014 14:17:50 - 150 Benland not on register._x000d_
POD - 16/07/2014 15:48:25 - 24 stweratby ave reg against albermarle 5 LLP, 44 albermarle street, london w1s 4ta and shows as Tranche VT2 and VT4 west lake avenue_x000d_
POD - 16/07/2014 15:46:56 - 19a maltings square, comes up as owned by owners of the shopping centre - erne Properties ltd, norn ireland_x000d_
POD - 10/07/2014 15:46:49 - 61 herlington cross keys_x000d_
POD - 10/07/2014 15:45:56 - 70 south street Hyde Hsg Assoc, 30 park street, london. Se1 9eq_x000d_
POD - 10/07/2014 15:44:38 - 1,2,3,4,5 Barber Close, Stanground all Hyde Hsg Assoc, 30 park street, london. Se1 9eq_x000d_
POD - 09/07/2014 16:00:51 - 35 finchfield owned by Norscott Ltd, 16 Folksworth Road, Norman Cross, Peterborough PE7 3SP_x000d_
POD - 09/07/2014 15:41:05 - flat 3, 145 oundle road no details on land reg_x000d_
POD - 09/07/2014 15:39:32 - 15 turnpike no details on land reg_x000d_
POD - 02/07/2014 11:45:08 - 13 burmer road, no info on land reg_x000d_
CP - 23/06/2014 14:09:55 - 66 st michealsgate owned by akelius_x000d_
CP - 23/06/2014 14:04:04 - 1 Pilton Close - owned by terry lucking_x000d_
CP - 18/06/2014 14:26:02 - 24 Evergreen Drive - not listed_x000d_
POD - 18/06/2014 11:34:45 - 53 misterton court not recognised on land reg_x000d_
POD - 17/06/2014 15:28:16 - 107 hanbury Accent Nene_x000d_
CP - 13/06/2014 13:25:10 - 432 oundle road, no reg info_x000d_
POD - 06/06/2014 10:52:14 - 9 fellowes gardens is cross keys_x000d_
CP - 29/05/2014 16:18:09 - 9 Kedleston Road - gio tomeo_x000d_
POD - 28/05/2014 14:47:13 - 10 celta rd owned by Cross Keys_x000d_
POD - 28/05/2014 14:44:43 - 4 church st, stilton owned by Repeat Prescription Order Line Ltd, 539 oundle rd, o/l, pe2 7dh_x000d_
CP - 22/05/2014 15:31:36 - 79 Drayton owned by Woodcocks_x000d_
POD - 19/05/2014 11:43:28 - 7 denham walk no info on land reg_x000d_
POD - 19/05/2014 11:42:16 - 90 ellindon is cross keys_x000d_
CP - 19/05/2014 09:34:43 - 19 collingham owned by xkeys_x000d_
CP - 17/05/2014 09:58:14 - 18a eastfield - owned by olive props_x000d_
CP - 17/05/2014 09:57:01 - 23a Eastfield - no info on LR_x000d_
CP - 02/05/2014 16:36:58 - 18 horton walk owned by council_x000d_
POD - 29/04/2014 10:49:14 - 104 queens walk, no info on land reg_x000d_
CP - 25/04/2014 12:00:45 - 127a padholme road not on LR_x000d_
CP - 24/04/2014 16:03:54 - apartment 8 jub mans owned by optima_x000d_
CP - 16/04/2014 16:51:17 - 65 wycliffe grove owned by pirmo_x000d_
CP - 10/04/2014 13:21:01 - 18 leeson house not on l/l_x000d_
CP - 07/04/2014 14:09:34 - 111 jupiter ave no info_x000d_
CP - 07/04/2014 14:09:18 - 65 Peakes close no ifo_x000d_
CP - 07/04/2014 14:08:01 - 161 saltmarsh no info_x000d_
POD - 04/04/2014 16:54:15 - 98 high st fletton no records on land reg_x000d_
CP - 31/03/2014 16:33:20 - 6 beech court no info_x000d_
CP - 29/03/2014 09:56:53 - oak cottage 14a high street, no info on LR_x000d_
CP - 26/03/2014 13:14:59 - 26 eyebury road, no ifo on lr_x000d_
CP - 20/03/2014 11:27:28 - 18 mardele gdns owned by pirmo_x000d_
POD - 19/03/2014 15:32:13 - address known but no info on Land Reg_x000d_
CP - 18/03/2014 15:45:59 - 98 fletton hight street, no info_x000d_
CP - 14/03/2014 15:58:52 - 117 eaglesthorpe, owned by olive_x000d_
CP - 10/03/2014 15:20:01 - 3 crawthorn no ifo_x000d_
CP - 10/03/2014 15:03:27 - 8 the village, no lr record_x000d_
CP - 04/03/2014 16:40:28 - 26 st edmunds walk, mo lr recored_x000d_
CP - 04/03/2014 16:35:12 - 21 queens drive west no info _x000d_
CP - 01/03/2014 11:34:30 - 15 phoenix close, foreign L/L_x000d_
CP - 27/02/2014 15:33:58 - 29 charles st gladplace and 52 charles st not reg on lr_x000d_
CP - 27/02/2014 15:15:48 - 130 main st logged but 130a and 130b main street on LR_x000d_
CP - 27/02/2014 15:00:24 - 162 Palmerston Road not registerd._x000d_
MDT - 26/02/2014 13:48:33 - 42 Far Pasture, R Carter Holdings Limited. Named owner on Land registry which is wrong._x000d_
CP - 25/02/2014 15:55:58 - 49 cubitt way, nanpantan properties._x000d_
CP - 25/02/2014 14:42:55 - 37 queens road, fletton, not listed on LReg_x000d_
CP - 25/02/2014 13:42:42 - 1 swain court, cross keys owned._x000d_
CP - 18/02/2014 15:08:59 - 17 frognall streets finacial_x000d_
CP - 17/02/2014 15:56:56 - 30b halfleet no registered_x000d_
CP - 17/02/2014 15:44:52 - 32 fulbridge road DHC developments_x000d_
CP - 17/02/2014 15:41:51 - 22 hastings road, own by woodcock_x000d_
CP - 17/02/2014 14:37:37 - 15 justice way accent nene_x000d_
CP - 13/02/2014 14:53:30 - 58b lawson not registried_x000d_
CP - 12/02/2014 13:45:23 - 16 admiral house l/l lives in malaysia_x000d_
CP - 12/02/2014 13:42:37 - 9 palace gardens, not on land registery_x000d_
POD - 04/02/2014 13:14:34 - 66 north street stilton, comes up as 66a and 66b on land reg._x000d_
CP - 31/01/2014 10:24:58 - no land registery details for 126 gunthorpe road_x000d_
POD - 28/01/2014 15:16:19 - flat 4 68 oundle road no info stored on land reg_x000d_
PG - 11/01/2014 11:02:06 - 26 Eastfield Rd- Axiom Housing listed as owner?? _x000d_
PG - 11/01/2014 10:58:53 - 14 Rowledge Court, Walton - new build - not on LR _x000d_
PG - 11/01/2014 10:43:45 - Meadow View/2a Spalsh Lane - LR not certain on owner. _x000d_
PG - 11/01/2014 10:28:03 - 2 Whincup - not on LR _x000d_
POD - 06/01/2014 16:46:20 - 18 linc rd glint, not recognised on land reg website_x000d_
PG - 02/12/2013 14:38:40 - 68 Jupiter ave - Owner is Jaggard Holdings with no corr addrsss._x000d_
PG - 18/11/2013 10:45:17 - 8 scott drive - Bedfrordshire Pilgrims Housing Assoc named owner _x000d_
POD - 12/11/2013 13:23:09 - 2 Renson Close:  SANDEL HOMES (BEDFORDSHIRE) LIMITED (Co. Regn. No._x000d_
06083623) of Maxet House Business Centre, Liverpool_x000d_
Road, Luton LU1 1RS._x000d_
PG - 07/11/2013 14:54:05 - 7 Libertas - Not on L/R - I have dropped leaflet at property though. _x000d_
POD - 29/10/2013 14:54:25 - 36 Kilham owned by Cross Keys_x000d_
PG - 29/10/2013 13:21:52 - 72 Saxonbury Way - must be new as not on L/R _x000d_
PG - 28/10/2013 17:05:23 - 16 Horsegate - LL in Australia _x000d_
PG - 28/10/2013 16:32:49 - 75a Granville - LR can't find. _x000d_
PG - 23/10/2013 13:26:02 - 48 Balintore - Cookes - LL has USA address. _x000d_
PG - 23/10/2013 13:21:39 - 92 Alma Rd, Cookes -LR couldn't find _x000d_
MDT - 21/10/2013 17:02:22 - 76 Oxclose, Oliver Neil Homes Limited._x000d_
MDT - 17/10/2013 13:45:25 - 51 Huntsmans Gate, United Reformed Church._x000d_
MDT - 17/10/2013 11:47:17 - 43 Apollo Avenue, Bedfordshire Pilgrims Housing Association Limited._x000d_
POD - 15/10/2013 15:36:37 - 67 brynmore is owned by the owners of sellers estate agents_x000d_
POD - 15/10/2013 15:18:06 - apt 15b Jubilee owned by Optima ltd, the bury, newmarket road, stow cum quay, cambridge_x000d_
POD - 08/10/2013 15:00:43 - 41 Campbell Drive owned by existing LL Stephen Foyle, I am chasing him on this._x000d_
POD - 08/10/2013 14:41:08 - 66a London Rd, Land Reg has no details of the property_x000d_
POD - 07/10/2013 15:43:52 - 17 Bowness Way does not exist on Land Registry_x000d_
MDT - 03/10/2013 16:06:28 - 166 Oundle Road, Tapestart Limited._x000d_
MDT - 26/09/2013 11:51:51 - Flat 4, 57 Burghley Road, Hett Properties Limited._x000d_
MDT - 26/09/2013 11:46:09 - 8 Abbeyfields, Greenside Limited._x000d_
MDT - 26/09/2013 11:44:53 - 14 Crocus Grove, Posnett Properties Limited._x000d_
MDT - 26/09/2013 11:11:58 - 119 Thorpe Road, Optima Limited._x000d_
POD - 20/08/2013 11:23:30 - 162 Churchill Mews not found on database at LR_x000d_
MDT - 05/08/2013 10:30:38 - 59 High Street, Fletton. Pirmo Enterprises Limited._x000d_
POD - 23/07/2013 09:41:39 - 24 clare road no details available on land regitry_x000d_
MDT - 09/07/2013 09:23:25 -  16 Folksworth Road, Norman Cross- Norscott Limited. _x000d_
MT - 06/07/2013 11:28:13 - 20 St Edmunds Walk - Maidenbridge Limited_x000d_
MT - 06/07/2013 10:19:06 -  22 Malus Close- Sunbeam Properties Limited. _x000d_
MDT - 21/06/2013 10:57:20 -17 Frognall - Streets financial consulting plc._x000d_
MDT - 23/05/2013 14:40:09 - 577 Fulbridge Road - Details not on land registry yet._x000d_
MDT - 13/05/2013 15:00:03 - 23 Queens Walk - Karheald Limited_x000d_
MDT - 09/05/2013 12:07:04 - 2 Bank Avenue - Cross Keys Homes Limited_x000d_
MDT - 23/04/2013 16:01:00 - 204 thorpe road, acrade properties_x000d_
MDT - 23/04/2013 15:59:19 - 78 Five Arches, The Baptist Union Corporation Limited._x000d_
MDT - 13/04/2013 12:36:12 - 98 Four Chimneys Crescent, RPAM Limited as general partner for residential recovery fund limited partnership_x000d_
MDT - 11/04/2013 11:19:04 - 4 Byland Court, R Carter (Holdings) Ltd_x000d_
MDT - 08/04/2013 13:55:29 - 55 Burghley Road, KB Mansions Limited_x000d_
MDT - 18/03/2013 11:37:36 - 92 Elmfield Road, Broadview Building Services Limited_x000d_
MDT - 07/03/2013 16:09:13 - 42 Peterborough Road, City & St James Property Holdings Limited_x000d_
MDT - 07/03/2013 11:32:54 - 72 Huntly Grove, Olive Properties Consultants Limited_x000d_
MDT - 05/03/2013 10:48:55 -  Flat 8 Hamilton Court, Leacrest Properties Limited._x000d_
MDT - 05/03/2013 10:31:02 - 39 Church Street, Olive Properties Consultants Ltd. _x000d_
MDT - 26/02/2013 16:44:55 - 16 South View Road, Broadway Developments Peterborough Limited_x000d_
MDT - 21/02/2013 15:45:12 - 106 The Dell, Broadway Developments (Peterborough) Limited_x000d_
MDT - 21/02/2013 09:43:20 - 126 Four Chimneys Crescent, Albemarle 5 LLP_x000d_
MDT - 21/02/2013 09:36:42 - 1 Candidus Court, C F Gill Properties Limited_x000d_
MDT - 19/02/2013 11:10:30 - 88 Hargate Way, O&H Properties Limited_x000d_
MDT - 19/02/2013 11:07:48 - 17 Beech Court, Apartagent Limited_x000d_
POD - 18/02/2013 15:32:46 - 142 Peveril, Clydesdale Bank, 30 st vincent place, glasgow, g1 2hl_x000d_
MDT - 06/12/2012 14:41:40 - 30-35 Abbeyfields, Whitfield Estates Limited_x000d_
MDT - 01/12/2012 11:56:15 - 11 Abbeyfields, Greenside (Over) Limited_x000d_
MDT - 01/12/2012 11:13:46 - Persimmon Homes Limited_x000d_
MDT - 01/12/2012 10:31:24 - 45 Gretton Close, Anglian Radiology Associates Limited_x000d_
MDT - 01/12/2012 09:59:29 - 26 Huntly Road, Tinsley Properties Limited_x000d_
MDT - 29/11/2012 10:57:30 - 92 Four Chimneys Crescent, RPAM (General Partner) Limited as general partner for residential property recovery fund limited partnership_x000d_
POD - 27/11/2012 11:42:53 - 8 Main Street, Ails Cross Keys Homes Limited_x000d_
MDT - 22/11/2012 16:47:57 - 3 Main Street, Cross Keys Homes Limited_x000d_
POD - 20/11/2012 12:10:25 - 63 glebe road no details on land reg_x000d_
MDT - 04/10/2012 10:32:46 - 9 Knighton Close - Carju Michlie Limited, 367 Eastfield Road, Peterborough, PE1 4RD",10-31-2100,12-30-1899,0,,0,2,1,0,0,0,"LSU - 09/07/2015 12:37:51 - _x000d_
 _x000d_
",
1504,0,0,0,1-20-2012,16,,8,Mr,Maxwell,Stevenson,,,,7 Arrow Court,Hampton Hargate,Peterborough,Cambs,PE7 8FB,,,,,,,,,,39,"CP - 09/01/2015 10:55:40 - Next Contact Date Set to 2100_x000d_
",1-1-2100,12-30-1899,0,,0,2,0,0,0,0,,
1505,0,0,0,1-20-2012,47,,8,Ms,Preeti,Gohel,,,,34 Cleatham,South Bretton,Peterborough,,PE3 9XF,,,,,,,,,,39,"TM - 20/01/2015 10:05:27 - Next Contact Date Set to 2100_x000d_
",1-1-2100,12-30-1899,0,,0,2,0,0,0,0,,
1506,0,0,0,1-20-2012,16,,8,Mr,Simon,Andrews,,,,5 Wasdale Gardens,Gunthorpe,Peterborough,Cambs,PE4 7ZT,,,,,,,,,,39,"MT - 06/02/2017 12:29:07 - Land: 6 months free letter sent to home addr_x000d_
MT - 08/08/2016 18:26:16 - Land: 6 months free letter sent to home addr_x000d_
MT - 08/02/2016 09:31:44 - Land: 6 months free letter sent to home addr_x000d_
LSU - 12/08/2015 10:18:56 - board seen with sharman quinney _x000d_
LSU - 12/08/2015 10:18:55 - Land: 6 months free letter sent to home addr_x000d_
CP - 02/01/2015 14:53:21 - Next Contact Date Set to 2100",8-5-2017,12-30-1899,0,,0,2,0,1,0,0,,
1507,0,0,0,1-20-2012,16,,8,Mr,Michael,Chambers,,,,28 Church Lane,Edith Weston,Oakham,Rutland,LE15 8EY,,,,,,,,,,39,"CP - 12/01/2015 10:11:47 - Next Contact Date Set to 2100_x000d_
",1-1-2100,12-30-1899,0,,0,2,0,0,0,0,,
1508,0,0,0,1-20-2012,16,,8,Mr,Richard,Lane,,,,Sandy Knapp,Old Fletton Village,Honiton,Devon,EX14 3EF,,,,,,,,,,39,"CP - 05/01/2015 11:32:00 - Next Contact Date Set to 2100_x000d_
",1-1-2100,12-30-1899,0,,0,2,0,0,0,0,,
1510,0,0,0,1-20-2012,47,,8,Mr,Gary,Smith,,,,1 Cane Avenue,Sugar Way,Peterborough,Cambs,PE2 9QT,,,,,,,,,,39,"CP - 09/01/2015 10:55:32 - Next Contact Date Set to 2100_x000d_
",1-1-2100,12-30-1899,0,,0,2,0,0,0,0,,
1512,0,0,0,1-20-2012,47,,8,Ms,Carolyn,Plews,,,,49 Station Road,Nassington,Peterborough,,PE8 6QB,,,,,,,,,,39,"POD - 11/06/2014 15:46:52 - DO NOT BOTHER, WE DEALT WITH HER DAUGHTER BEFORE ON A PROPERTY IN WERRINGTON AND JUST CAUSE WE ASKED HER TO FIT THE BATH BEFORE WE MARKETED AND DO A FEW OTHER ESSENTIAL BITS THE DAUGHTER AND THE MUM HAD A WOBBLER WITH US_x000d_
POD - 11/06/2014 15:42:45 - Land: 6 months free letter sent to property add_x000d_
POD - 11/06/2014 15:42:45 - Land: 6 months free letter sent to home addr_x000d_
MDT - 13/11/2013 09:13:42 - Land: 6 months free letter sent to property add_x000d_
MDT - 13/11/2013 09:13:42 - Land: 6 months free letter sent to home addr_x000d_
POD - 17/04/2013 15:57:22 - Land: 6 months free letter sent to property add_x000d_
POD - 17/04/2013 15:57:15 - Land: 6 months free letter sent to home addr_x000d_
MDT - 15/04/2013 10:43:48 - Land: 6 months free letter sent to property add_x000d_
MDT - 15/04/2013 10:43:43 - Land: 6 months free letter sent to home addr_x000d_
MT - 16/11/2012 10:01:42 - Land: 6 months free letter sent to property add_x000d_
MT - 16/11/2012 10:01:35 - Land: 6 months free letter sent to home addr_x000d_
MT - 19/06/2012 12:30:37 - Land: 6 months free letter sent to property add_x000d_
MT - 19/06/2012 12:30:30 - Land: 6 months free letter sent to home addr_x000d_
POD - 20/01/2012 13:59:50 - Land: Intro letter sent to property address_x000d_
POD - 20/01/2012 13:59:44 - Land: Intro letter sent to home address",12-31-2100,12-30-1899,0,,0,2,0,0,0,0,,
1514,0,0,0,1-20-2012,47,,8,Mr,Risunda,Wijayatunga,,,,22 Sallows Road,Peterborough,Cambs,,PE1 4EU,,,,,,,,,,39,"TM - 13/01/2015 12:09:45 - Next Contact Date Set to 2100_x000d_
",1-1-2100,12-30-1899,0,,0,2,0,0,0,0,,
1516,0,0,0,1-20-2012,16,,8,Mr,Wayne,Goodey,,,,58 Gilpin Street,New England,Peterborough,Cambs,PE1 3BS,,,,,,,,,,39,"TM - 20/01/2015 10:05:45 - Next Contact Date Set to 2100_x000d_
",1-1-2100,12-30-1899,0,,0,2,0,0,0,0,,
1520,0,0,0,1-23-2012,47,,8,Mr,Michael,Courtney- Hunt,,,,79 Oxney Road,Peterborough,Cambs,,PE1 5NG,,,,,,,,,,39,"DTC - 27/09/2015 20:59:00 - SEE OTHER PLAN_x000d_
_x000d_
TM - 15/01/2015 09:39:28 - Next Contact Date Set to 2100",1-1-2100,12-30-1899,0,,0,2,0,0,0,0,DTC - 27/09/2015 20:57:14 - 10%+VAT,
1521,0,0,0,1-23-2012,16,,8,Mr,Leon,Mendez,,,,15 Sandhurst Drive,Chilwell,Nottingham,,NG9 6NH,,,,,,,,,,39,"CP - 29/01/2015 09:49:44 - Next Contact Date Set to 2100_x000d_
",1-1-2100,12-30-1899,0,,0,2,0,0,0,0,,
1522,0,0,0,1-23-2012,16,,8,Ms,Sunita,Tiwari,,,,26 Clement Drive,Peterborough,Cambs,,PE2 9RQ,,,,,,,,,,39,"CP - 02/02/2015 10:41:03 - Next Contact Date Set to 2100_x000d_
",1-1-2100,12-30-1899,0,,0,2,0,0,0,0,,
1526,0,0,0,1-24-2012,47,,8,Ms,Joanna,Robinson,,,,208 Hargate Way,Hampton Hargate,Peterborough,Cambs,PE7 8FQ,,,,,,,,,,39,"LSU - 25/06/2015 16:10:06 - Next Contact Date Set to 2100_x000d_
",1-1-2100,12-30-1899,0,,0,2,0,0,0,0,,
1527,0,0,0,1-24-2012,47,,8,Ms,Gina,Padmore,,,,,,,,,,,,,,,,,,39,"CP - 02/02/2015 10:31:17 - Next Contact Date Set to 2100_x000d_
",1-1-2100,12-30-1899,0,,0,2,0,0,0,0,,
1528,0,0,0,1-24-2012,47,,8,Ms,Elisa,Harca,,,,58 Church Lane,London,Greater London,,N2 8DS,,,,,,,,,,39,"CP - 22/01/2015 09:17:20 - Next Contact Date Set to 2100_x000d_
",1-1-2100,12-30-1899,0,,0,2,0,0,0,0,,
1530,0,0,0,1-24-2012,47,,8,Messr,R,Carter (holdings) Ltd,,,,76-80 High Street,Peterborough,Cambs,,PE2 8ST,,,,,,,,,,39,"CP - 12/01/2015 10:11:33 - Next Contact Date Set to 2100_x000d_
",1-1-2100,12-30-1899,0,,0,2,0,0,0,0,,
1531,0,0,0,1-24-2012,47,,8,.,.,.,,,,71 Campbell Drive,Gunthorpe,Peterborough,Cambs,PE4 6ZL,,,,,,,,,,39,"POD - 22/06/2012 10:47:31 - wrong adress owner said never been to let_x000d_
MT - 20/06/2012 11:16:52 - Land: 6 months free letter sent to home addr_x000d_
POD - 24/01/2012 11:35:01 - Land: Intro letter sent to home address_x000d_
POD - 24/01/2012 11:34:46 - 425",12-31-2100,12-30-1899,0,,0,2,1,0,0,0,,
1533,0,0,0,1-24-2012,47,,8,Ms,Annette,Bandaranaike,,,,51 St Pauls Road,Peterborough,Cambs,,PE1 3DN,,,,,,,,,,39,"CP - 02/01/2015 14:53:36 - Next Contact Date Set to 2100_x000d_
",1-1-2100,12-30-1899,0,,0,2,0,0,0,0,,
1534,0,0,0,1-24-2012,47,,8,Ms,Angela,Townsend,,,,69 St Pauls Road,New England,Peterborough,Cambs,PE1 3DR,,,,,,,,,,39,"CP - 02/02/2015 10:40:53 - Next Contact Date Set to 2100_x000d_
",1-1-2100,12-30-1899,0,,0,2,0,0,0,0,,
