SourceIdNo,Category,Source,Minimal,SourcesCategory,Spoke,PRICS
1,,ET Main,0,3,1,0
2,,Stamford Mercury,0,3,1,0
3,,Board,0,5,1,0
4,Brookdale,Email Brookdale,0,1,0,0
5,Rightmove,Email Rightmove,1,1,0,0
6,Lettingsearch,Email LettingSearch,1,1,0,0
7,Fish 4 Homes,Email Fish 4 Homes,1,1,0,0
8,Rentamatic,Email Rentamatic,1,1,0,0
9,,Recommendation,0,5,1,0
10,,Saw Office,0,5,1,1
11,,Citizens Advice,0,4,1,0
12,,Housing Options,0,4,1,0
13,UK PropertyShop,Email UK PropertyShop,1,1,0,0
14,,Mailing Lists,0,5,1,0
15,,Existing Tenant,0,5,1,1
16,,Council,0,4,1,0
17,,Estate Agent - Quentin Marks,0,6,1,0
18,,Estate Agent - Your Move,0,6,1,0
19,,Estate Agent - Cook & Ward,0,6,1,0
20,,Estate Agent -  Connells,0,6,1,0
22,,Estate Agent - Windsor,0,6,1,0
23,,Estate Agent - Januarys,0,6,1,0
24,,Yellow Pages,0,3,1,0
25,,Unknown,0,5,1,1
26,,Estate Agent - Fitzjohn Ingle,0,6,1,0
27,To Rent,Email To Rent Website,1,1,0,0
28,,ET Line,0,3,1,0
29,Primelocation,Email Primelocation,0,1,0,0
30,,Yell.com,0,7,1,0
31,,Previous Tenant,0,5,1,1
33,Brookdale,Brookdale Website,0,7,1,1
34,Rightmove,Rightmove Website,0,7,1,1
35,,Lettingsearch Website,0,7,1,0
36,,Fish 4 Homes,0,7,1,0
37,,Rentamatic,0,7,1,0
38,,UK Property Shop,0,7,1,0
39,,To Rent,0,7,1,0
40,,Answerphone,0,1,0,0
41,,Saw Vehicle,0,5,1,0
42,,Bourne Marketplace,0,3,1,0
43,,Cambridgeshire Homes,0,1,0,0
44,,Primelocation Website,0,7,1,1
45,Rentright,Email Rentright,0,1,0,0
46,,Rentright,0,7,1,0
47,,Zoopla Website,0,7,1,1
48,Zoopla,Email Zoopla,0,1,0,1
50,,Unknown Internet,0,7,1,0
51,Cambridgeshire Homes,Email Cambridgeshire Homes,0,1,0,0
52,Friday Ads,Friday Ads,0,7,0,0
53,PropertyIndex,Email Propertyindex,0,1,0,0
54,,PropertyIndex Website,0,7,1,0
55,,Houseladder Website,0,7,1,0
56,Houseladder,Email Houseladder,0,1,0,0
57,,Accent Nene,0,4,0,0
58,,Zoopla Web site,0,7,1,1
59,Find A Property,Email Zoopla,1,1,0,0
60,,Other,0,5,0,0
