UserIdno,Username,First_name,Last_name,Initials,Password,Ratsdate,Current Status,Ext,Activity,Loggedin,Lunch,Out,Inactivity,Security,Management,Prospects,Prospectdefault,MaximumProspects,Letterhead,Department,TenantAccount,AddProperty,Febootimail,Current,RAC,Delprosp,Email,EmailSignature,Board,Updaterequired,Mobilenumber,Returndate,Returntime,Receptionfrom,ReceptionTo,Janitor,Seen,ratsdatein,ratstimein,ratsdateout,ratstimeout,Viewings,Nextevening,Logout
99,root,Root,User,RU,password,,,,,,,,,,,,,,,,,,,,,,root@app.com,,,,,,,,,,,,,,,,,
20,ALL,All,All,All,all,1-1-2001,,,0,0,,0,,0,1,0,0,0,0,1,0,0,0,0,0,0,all@app.com,,0,0,,,,,,0,0,,,,,0,,0
1,Jasmine Allen,Jasmine,Allen,JA,ja,12-24-2016,,,6,0,,0,9000000,3,1,0,0,0,1,1,1,1,1,1,1,1,jasminea@app.com,,1,0,01234 123412,,,,,0,1,12-24-2016,12-30-1899,12-24-2016,12-30-1899,0,,0
2,Elliot Hall,Elliot,Hall,EH,eh,7-11-2017,,205,,1,,0,1800000000,3,1,0,0,0,0,1,1,1,0,1,1,1,ellioth@app.com,,0,0,01234 123411,,,,,0,0,7-11-2017,12-30-1899,7-11-2017,12-30-1899,1,7-4-2017,0
3,Nicholas Dennis,Nicholas,Dennis,ND,nd,7-26-2017,,211,6,1,,0,9000000,3,1,1,1,40,0,1,1,1,1,1,1,1,nicholasd@app.com,,1,0,01234 123410,,,,,0,1,8-10-2017,12-30-1899,8-10-2017,12-30-1899,1,7-6-2017,0
4,Michael Hewitt,Michael,Hewitt,MH,mh,1-1-2001,,,,0,,0,,0,1,0,0,0,0,1,0,0,0,1,0,0,michaelh@app.com,,0,0,,,,,,0,0,,,,,0,,0
5,Emily Fox,Emily,Fox,EF,ef,1-1-2001,,,,0,,0,,0,1,0,0,0,0,1,0,0,0,1,0,0,emilyf@app.com,,0,0,,,,,,0,0,,,,,0,,0
6,Benjamin Savage,Benjamin,Savage,BS,bs,7-11-2017,"Fi, 3 x pli, 2 x inpsections",203,6,1,,1,9000000,3,1,0,0,0,0,1,1,1,0,1,0,0,benjamins@app.com,,0,0,01234 123459,7-11-2017,12-30-1899,,,0,0,7-11-2017,12-30-1899,7-11-2017,12-30-1899,1,7-13-2017,0
7,Matthew Kent,Matthew,Kent,MK,mk,7-11-2017,,202,4,1,,0,9000000,3,1,0,0,0,0,1,1,0,1,1,0,1,matthewk@app.com,,0,0,01234 123458,,,,,0,0,7-11-2017,12-30-1899,7-11-2017,12-30-1899,0,,0
8,Francesca Chandler,Francesca,Chandler,FC,fc,1-1-2001,,,,0,,0,,0,1,0,0,0,0,1,0,0,0,1,0,0,francesca@app.com,,0,0,,,,,,0,0,,,,,0,,0
9,Sebastian Wilkins,Sebastian,Wilkins,SW,sw,8-31-2016,,208,5,0,12-30-1899,0,9000000,3,1,0,0,0,0,1,1,0,1,1,0,0,sebastianw@app.com,,0,0,01234 123457,,,,,0,0,8-31-2016,12-30-1899,8-31-2016,12-30-1899,0,,0
10,Jonathan Lowe,Jonathan,Lowe,JL,jl,1-1-2001,,,,0,,0,3600000,3,1,0,0,0,0,1,0,0,0,1,0,0,jonathanl@app.com,,0,0,,,,,,0,0,,,,,0,,0
11,Lewis Birch,Lewis,Birch,LW,lw,1-1-2001,,,6,0,,1,3600000,1,1,0,0,0,0,1,0,0,0,1,0,0,lewisb@app.com,,0,0,,,,,,0,0,,,,,0,,0
12,Summer Parker,Summer,Parker,SP,sp,1-1-2001,,,,0,,0,,0,1,0,0,0,0,1,0,0,0,1,0,0,summerp@app.com,,0,0,,,,,,0,0,,,,,0,,0
13,Shannon Savage,Shannon,Savage,SS,ss,1-1-2001,,,,0,,0,,0,1,0,0,0,0,1,0,0,0,1,0,0,shannons@app.com,,0,0,,,,,,0,0,,,,,0,,0
14,Josh Wade,Josh Wade,Wade,JW,jw,1-1-2001,,,,0,,0,,0,1,0,0,0,0,1,0,0,0,1,0,0,joshw@app.com,,0,0,,,,,,0,0,,,,,0,,0
15,Alfie Tucker,Alfie,Tucker,AT,at,1-1-2001,,,,0,,0,,0,1,0,0,0,0,1,0,0,0,1,0,0,alfiet@app.com,,0,0,,,,,,0,0,,,,,0,,0
16,Ben Burton,Ben,Burton,BB,bb,7-7-2017,Holiday,214,6,0,,1,3600000,3,1,1,0,10,0,1,0,1,1,1,1,1,benb@app.com,,1,0,01234 123456,7-14-2017,12-30-1899,,,0,0,7-7-2017,12-30-1899,7-7-2017,12-30-1899,1,7-5-2017,0
17,Joel Booth,Joel,Booth,JB,jb,1-1-2001,,,6,0,,0,3600000,2,1,0,0,0,0,1,0,0,0,1,0,0,joelb@app.com,,0,0,,,,,,0,0,,,,,0,,0
18,Ellie Grant,Ellie,Grant,EG,eg,1-1-2001,LEFT,,,0,,0,,0,1,0,0,0,0,1,0,0,0,1,0,0,ellieg@app.com,,0,0,,,,,,0,0,,,,,0,,0
